chr,numb_exons,decon,gatk,grapes,gc_content,mappability,cnv_length,decon_qual,gatk_qual,grapes_qual,sample_correlation,is_autosomal,genes_encoded,encoded_type,true_positive_encoded
10,1,1,1,1,45.59585492227979,1.0,192,11.5,80.29,0.895,0.848063535242153,1,2110,0,1
14,5,1,1,1,42.76560240293693,0.1533137827435453,44944,48.7,631.92,0.999,0.848063535242153,1,1009,0,1
16,8,1,1,1,46.36629812524581,0.3687325967619047,22882,121.0,234.1,1.0,0.848063535242153,1,2827,1,1
1,7,1,0,0,41.00650310375406,1.0,13531,6.73,,,0.848063535242153,1,2887,1,0
2,7,1,0,0,40.35087719298245,0.4833332,1424,67.5,,,0.848063535242153,1,28,0,0
2,2,1,0,0,41.89602446483181,0.333333,326,4.76,,,0.848063535242153,1,2679,1,0
4,7,1,0,0,37.07899174196896,0.2441538753595115,23128,33.2,,,0.848063535242153,1,3178,0,0
10,5,1,0,0,44.74409684765672,0.7777776666666667,8342,14.7,,,0.848063535242153,1,1255,0,0
15,1,1,0,0,58.730158730158735,0.8333333333333334,251,3.89,,,0.848063535242153,1,2405,1,0
18,7,1,0,0,37.09977661950856,1.0,10743,23.1,,,0.848063535242153,1,1029,1,0
18,1,1,0,0,38.46153846153847,1.0,103,3.04,,,0.848063535242153,1,726,0,0
20,1,1,0,1,63.05732484076433,1.0,156,13.6,,0.143,0.848063535242153,1,1984,1,0
3,5,1,1,1,40.343595748780814,0.2934390114712644,67462,75.9,72.62,0.967,0.7539530058222164,1,430,1,1
5,6,1,1,1,38.83040935672515,0.1865869295606809,318059,57.3,347.26,0.922,0.7539530058222164,1,2996,0,1
23,1,1,1,1,40.5940594059406,1.0,201,13.8,47.45,0.916,0.7539530058222164,0,1919,0,1
2,2,1,0,0,41.59021406727829,0.333333,326,7.62,,,0.7539530058222164,1,28,1,0
2,2,1,0,0,38.47926267281106,0.333333,433,4.68,,,0.7539530058222164,1,2565,0,0
2,3,1,0,0,40.95238095238095,0.4166665,524,16.8,,,0.7539530058222164,1,2679,0,0
2,3,1,0,0,40.57142857142857,0.4166665,524,22.3,,,0.7539530058222164,1,3280,0,0
2,2,1,0,0,41.86046511627907,0.52083325,300,10.6,,,0.7539530058222164,1,1050,0,0
3,8,1,0,0,37.92594233396094,0.3265809300892856,27086,9.16,,,0.7539530058222164,1,3686,0,0
4,1,1,0,1,43.333333333333336,1.0,149,13.1,,0.528,0.7539530058222164,1,2595,1,0
5,1,1,0,0,51.13636363636363,1.0,175,2.72,,,0.7539530058222164,1,2383,0,0
6,2,1,0,0,38.909449790278806,0.7692307692307693,4052,10.5,,,0.7539530058222164,1,3382,1,0
17,5,1,0,0,45.97589842909404,0.5800243420833333,9293,21.8,,,0.7539530058222164,1,865,0,0
22,1,1,0,0,61.6822429906542,1.0,106,3.53,,,0.7539530058222164,1,2360,1,0
7,1,1,1,1,41.50943396226416,1.0,211,9.55,87.66,0.685,0.8902887435990194,1,2715,1,1
10,3,1,1,1,40.51765844218674,0.6347222499999999,8267,25.5,143.8,1.0,0.8902887435990194,1,19,1,1
10,1,1,1,1,64.34262948207171,1.0,501,10.6,576.63,0.31,0.8902887435990194,1,3023,0,1
18,5,1,1,1,37.66537533806008,0.5369432684210526,13680,37.6,1796.22,1.0,0.8902887435990194,1,450,0,1
1,1,1,0,0,31.85483870967742,1.0,247,2.85,,,0.8902887435990194,1,94,1,0
2,3,1,0,0,39.10149750415973,0.361111,600,6.27,,,0.8902887435990194,1,2565,1,0
2,1,1,0,0,43.28358208955223,0.333333,133,3.07,,,0.8902887435990194,1,1050,1,0
5,3,1,0,0,34.0302238382002,1.0,8800,4.41,,,0.8902887435990194,1,1127,1,0
6,5,1,0,0,33.297088317023075,0.3752863031388888,8276,4.52,,,0.8902887435990194,1,2346,1,0
6,1,1,0,0,38.80597014925373,1.0,133,2.47,,,0.8902887435990194,1,1711,1,0
10,1,1,0,0,31.46853146853147,1.0,142,2.55,,,0.8902887435990194,1,3208,1,0
23,3,1,0,0,36.50442477876106,0.7222223333333333,2259,3.93,,,0.8902887435990194,0,3925,1,0
1,2,1,1,1,39.18083462132921,1.0,1293,31.0,146.66,1.0,0.9149800447864368,1,2637,1,1
5,1,1,1,1,55.06607929515418,1.0,226,16.7,40.56,0.376,0.9149800447864368,1,1324,1,1
10,9,1,1,1,34.93672079375928,0.1181559891767439,42430,111.0,2034.41,1.0,0.9149800447864368,1,2852,0,1
12,1,1,1,1,40.909090909090914,1.0,329,12.1,214.79,0.54,0.9149800447864368,1,3510,0,1
1,1,1,0,0,38.38383838383838,1.0,197,5.31,,,0.9149800447864368,1,3896,0,0
2,9,1,0,0,40.099557522123895,0.4027776666666667,1807,9.48,,,0.9149800447864368,1,3309,1,0
4,1,1,0,0,65.19337016574586,1.0,180,2.73,,,0.9149800447864368,1,3944,0,0
6,5,1,0,0,37.5645562983353,0.2244259371314741,38144,24.8,,,0.9149800447864368,1,3441,1,0
6,1,1,0,0,25.352112676056336,1.0,70,2.8,,,0.9149800447864368,1,1390,1,0
7,3,1,0,0,37.59222823413674,0.0995774137538461,8131,17.6,,,0.9149800447864368,1,969,0,0
12,1,1,0,0,44.82758620689656,1.0,144,5.06,,,0.9149800447864368,1,2331,1,0
16,1,1,0,0,65.4471544715447,0.2166668,245,6.68,,,0.9149800447864368,1,830,1,0
18,7,1,0,0,36.169273770411415,0.5473931166666667,20392,11.5,,,0.9149800447864368,1,570,1,0
1,7,1,1,1,41.01752319246061,1.0,13581,87.2,1768.35,1.0,0.8589328540433053,1,2887,0,1
10,6,1,1,1,45.6920041341727,0.7777776666666667,10642,70.8,231.05,1.0,0.8589328540433053,1,1255,1,1
18,1,1,1,1,57.05128205128205,1.0,155,15.3,33.51,0.292,0.8589328540433053,1,1837,1,0
1,1,1,0,1,29.411764705882355,1.0,169,3.53,,0.662,0.8589328540433053,1,2160,0,0
2,2,1,0,0,41.59021406727829,0.333333,326,6.17,,,0.8589328540433053,1,28,1,0
2,3,1,0,0,40.06232686980609,0.1080708115313806,2887,5.27,,,0.8589328540433053,1,317,1,0
2,6,1,0,0,40.30206677265501,0.3888886666666666,1257,36.2,,,0.8589328540433053,1,3280,0,0
4,6,1,0,0,37.391304347826086,0.2441538753595115,21734,10.5,,,0.8589328540433053,1,3403,0,0
10,2,1,0,0,35.02202643171806,1.0,453,15.2,,,0.8589328540433053,1,247,0,0
10,1,1,0,0,45.40540540540541,1.0,184,7.03,,,0.8589328540433053,1,1568,0,0
16,1,1,0,0,65.4471544715447,0.2166668,245,13.3,,,0.8589328540433053,1,830,0,0
16,1,1,0,1,65.19607843137256,0.5833335,203,10.2,,0.409,0.8589328540433053,1,3075,0,0
16,1,1,0,0,64.43298969072166,0.277778,193,5.64,,,0.8589328540433053,1,940,0,0
16,1,1,0,0,42.30769230769231,1.0,77,5.28,,,0.8589328540433053,1,817,0,0
18,2,1,0,0,32.382892057026474,1.0,490,3.17,,,0.8589328540433053,1,3418,0,0
4,3,1,1,1,33.85451075387213,1.0,13622,64.8,6.26,1.0,0.8344981757888176,1,2685,1,1
5,1,1,1,1,45.85152838427948,1.0,228,16.8,17.46,0.677,0.8344981757888176,1,1525,0,1
2,2,1,0,0,46.94238815577727,0.670833375,6213,8.76,,,0.8344981757888176,1,2846,0,0
2,1,1,0,0,38.93129770992366,0.333333,130,5.53,,,0.8344981757888176,1,654,0,0
2,1,1,0,0,42.74809160305343,0.333333,130,9.41,,,0.8344981757888176,1,2430,1,0
2,11,1,0,0,40.241535475522966,0.1075757165579398,4636,87.0,,,0.8344981757888176,1,116,0,0
2,3,1,0,0,40.041279669762645,0.1071243317478991,2906,16.2,,,0.8344981757888176,1,3298,1,0
2,1,1,0,0,41.98473282442748,0.333333,130,5.71,,,0.8344981757888176,1,3366,0,0
2,2,1,0,1,45.09283819628647,0.333333,376,22.6,,0.627,0.8344981757888176,1,2015,1,0
3,1,1,0,1,41.17647058823529,1.0,152,21.5,,0.66,0.8344981757888176,1,3791,1,0
6,1,1,0,0,38.46153846153847,1.0,181,3.3,,,0.8344981757888176,1,3831,0,0
16,1,1,0,0,65.4471544715447,0.2166668,245,3.1,,,0.8344981757888176,1,830,0,0
16,1,1,0,0,42.30769230769231,1.0,77,4.27,,,0.8344981757888176,1,817,1,0
23,4,1,0,1,36.93687478440842,0.2290298913824363,101464,34.4,,0.979,0.8344981757888176,0,1429,0,1
4,1,1,1,1,42.85714285714285,1.0,244,19.1,31.06,0.622,0.8574177691108688,1,1450,0,1
4,3,1,1,1,38.70205417196873,0.5266974814814814,11001,46.4,20.58,1.0,0.8574177691108688,1,3245,1,1
6,5,1,1,1,35.338936454324084,0.4089069054794519,12730,48.2,385.56,0.966,0.8574177691108688,1,2816,0,1
7,1,0,1,0,64.86486486486487,1.0,147,,4.67,,0.8574177691108688,1,3531,0,0
15,1,0,1,0,72.21052631578947,1.0,474,,11.18,,0.8574177691108688,1,2826,0,0
1,1,1,0,0,80.19801980198021,1.0,100,2.49,,,0.8574177691108688,1,3816,1,0
2,2,1,0,0,42.19269102990033,0.361111,300,3.15,,,0.8574177691108688,1,2959,1,0
6,1,1,0,0,56.55737704918032,1.0,121,5.67,,,0.8574177691108688,1,3544,0,0
7,4,1,0,0,35.44459260298968,0.1537996912018349,28497,26.4,,,0.8574177691108688,1,1242,0,0
7,1,1,0,0,40.234375,1.0,255,5.66,,,0.8574177691108688,1,1879,0,0
10,2,1,0,0,40.849450869861016,0.5312498750000001,10288,2.89,,,0.8574177691108688,1,1248,1,0
12,1,1,0,0,76.5625,1.0,63,2.78,,,0.8574177691108688,1,3847,1,0
15,1,1,0,0,74.02597402597402,1.0,76,2.73,,,0.8574177691108688,1,123,1,0
18,7,1,0,0,40.216948231351054,0.6833333333333332,44157,26.2,,,0.8574177691108688,1,2320,1,0
20,1,1,0,0,66.3716814159292,1.0,225,4.83,,,0.8574177691108688,1,3020,1,0
1,3,1,1,1,63.42123056118999,1.0,2957,62.6,1473.6,1.0,0.9312025031746756,1,3347,0,1
6,1,1,1,1,41.01876675603217,1.0,372,28.3,141.2,0.436,0.9312025031746756,1,366,1,1
7,1,1,1,1,65.63876651982379,1.0,226,24.7,312.11,0.728,0.9312025031746756,1,1216,0,1
12,4,1,1,1,43.92833612082509,0.2243823041754385,39461,114.0,304.39,1.0,0.9312025031746756,1,3183,1,1
2,9,1,0,0,40.099557522123895,0.4027776666666667,1807,93.7,,,0.9312025031746756,1,3309,0,0
5,1,1,1,1,34.31734317343174,1.0,270,10.2,156.26,0.58,0.9259937275384386,1,1480,0,1
5,7,1,1,1,36.02448546777847,1.0,20746,112.0,342.46,1.0,0.9259937275384386,1,2802,1,1
9,1,1,1,1,53.44827586206896,1.0,231,18.0,8.9,0.22,0.9259937275384386,1,3793,1,1
14,3,1,1,1,49.19943250912039,0.4871794428571428,9867,33.4,824.84,0.993,0.9259937275384386,1,1055,0,1
2,6,1,0,0,39.76449275362319,0.4166665,1103,14.3,,,0.9259937275384386,1,3309,1,0
2,3,1,0,0,40.57142857142857,0.4166665,524,8.62,,,0.9259937275384386,1,3280,0,0
3,1,1,0,0,68.05555555555556,1.0,143,2.63,,,0.9259937275384386,1,430,0,0
5,1,1,0,0,81.48148148148148,1.0,188,2.58,,,0.9259937275384386,1,583,0,0
10,1,1,0,0,39.24050632911392,1.0,157,3.17,,,0.9259937275384386,1,247,0,0
12,2,1,1,1,44.73540145985401,1.0,10959,10.3,153.26,0.993,0.8137776600179086,1,3183,0,1
15,1,1,1,0,72.21052631578947,1.0,474,6.07,8.58,,0.8137776600179086,1,2826,0,0
19,9,1,1,1,57.72894136323048,0.348391092260274,20157,61.4,111.46,0.889,0.8137776600179086,1,567,1,1
1,1,1,0,0,61.67400881057269,1.0,226,2.92,,,0.8137776600179086,1,3265,0,0
2,3,1,0,0,40.57142857142857,0.4166665,524,6.46,,,0.8137776600179086,1,3280,1,0
5,1,1,0,0,31.88405797101449,1.0,137,3.86,,,0.8137776600179086,1,3431,0,0
6,2,1,0,1,31.88976377952756,1.0,253,7.77,,0.996,0.8137776600179086,1,3228,1,1
7,1,1,0,0,63.26530612244898,1.0,97,3.1,,,0.8137776600179086,1,3531,0,0
9,1,1,0,1,64.15094339622641,1.0,158,3.98,,0.921,0.8137776600179086,1,188,0,0
10,2,1,0,0,57.25490196078431,1.0,3569,3.32,,,0.8137776600179086,1,1099,0,0
10,1,1,0,0,39.24050632911392,1.0,157,4.05,,,0.8137776600179086,1,247,0,0
16,1,1,0,0,65.4471544715447,0.2166668,245,3.42,,,0.8137776600179086,1,830,1,0
23,1,1,0,0,25.0,1.0,111,2.3,,,0.8137776600179086,0,3096,0,0
9,6,1,1,1,35.65650080256822,0.1398181710520445,31149,169.0,562.17,1.0,0.9144763149789654,1,967,1,1
12,1,1,1,1,39.91031390134529,0.70833325,222,33.6,60.17,0.526,0.9144763149789654,1,734,1,1
15,1,1,1,1,36.6120218579235,1.0,182,18.9,384.52,0.618,0.9144763149789654,1,1062,0,0
20,4,1,1,1,51.55580608793686,0.082967759117647,8869,105.0,1214.22,0.987,0.9144763149789654,1,3078,0,1
2,1,1,0,0,41.04477611940299,0.4166665,133,4.16,,,0.9144763149789654,1,1444,1,0
2,3,1,0,0,40.57142857142857,0.4166665,524,22.4,,,0.9144763149789654,1,3280,1,0
12,2,1,0,0,37.25490196078432,1.0,458,6.71,,,0.9144763149789654,1,885,0,0
1,1,1,1,0,31.05590062111801,1.0,321,3.49,22.05,,0.896449639459776,1,1769,0,0
1,5,1,1,1,41.22671765141236,0.1545721468114755,32427,59.3,247.66,1.0,0.896449639459776,1,1755,1,1
7,7,1,1,1,44.79794720022669,0.311252391202186,63522,44.5,774.08,0.868,0.896449639459776,1,1180,0,1
12,1,1,1,1,42.63959390862944,1.0,196,10.1,25.84,0.426,0.896449639459776,1,1286,1,1
12,1,1,1,1,58.03921568627452,1.0,254,7.76,82.98,0.628,0.896449639459776,1,1725,0,1
2,2,1,0,1,26.595744680851062,1.0,187,3.84,,0.861,0.896449639459776,1,3824,0,0
2,6,1,0,0,40.2766476810415,0.4833332,1228,46.1,,,0.896449639459776,1,2430,1,0
2,2,1,0,0,41.89602446483181,0.333333,326,8.42,,,0.896449639459776,1,2679,0,0
2,3,1,0,0,39.26788685524127,0.361111,600,5.74,,,0.896449639459776,1,787,0,0
2,1,1,0,0,31.25,1.0,63,2.71,,,0.896449639459776,1,1440,0,0
4,2,1,0,0,39.23321234119782,0.2532916453521127,22039,16.8,,,0.896449639459776,1,3308,1,0
10,1,1,0,0,39.24050632911392,1.0,157,4.55,,,0.896449639459776,1,247,0,0
15,2,1,0,0,41.05571847507331,1.0,340,14.5,,,0.896449639459776,1,1403,1,0
16,1,1,0,0,65.4471544715447,0.2166668,245,6.11,,,0.896449639459776,1,830,1,0
19,5,1,0,0,62.18068535825545,1.0,1604,72.7,,,0.896449639459776,1,2799,0,0
3,6,1,1,1,40.56871574001566,0.2760921108097563,81727,35.0,88.05,1.0,0.8572205476915101,1,430,1,1
5,4,1,1,1,45.10189049840413,1.0,4072,16.0,227.56,0.978,0.8572205476915101,1,2572,0,1
1,13,1,0,0,45.94465121420938,0.3122514330543934,54273,8.23,,,0.8572205476915101,1,1605,0,0
2,3,1,0,0,40.57142857142857,0.4166665,524,4.67,,,0.8572205476915101,1,3280,1,0
2,1,1,0,0,64.32926829268293,1.0,327,2.74,,,0.8572205476915101,1,1193,0,0
7,1,1,0,0,65.38461538461539,1.0,103,4.03,,,0.8572205476915101,1,860,0,0
7,2,1,0,0,28.768577494692146,1.0,2825,2.86,,,0.8572205476915101,1,477,0,0
9,1,1,0,1,60.95238095238096,1.0,104,4.84,,0.398,0.8572205476915101,1,3301,1,0
10,2,1,0,0,57.25490196078431,1.0,3569,8.94,,,0.8572205476915101,1,1099,0,0
15,1,1,0,0,71.29411764705881,1.0,424,2.77,,,0.8572205476915101,1,2826,0,0
16,1,1,0,0,66.84782608695652,0.3466668,183,2.85,,,0.8572205476915101,1,1591,0,0
16,1,1,0,0,69.27710843373494,0.6,165,3.42,,,0.8572205476915101,1,1776,0,0
16,1,1,0,0,70.66666666666667,1.0,74,3.29,,,0.8572205476915101,1,2688,0,0
17,7,1,0,0,45.83736689254599,0.388735004347826,14461,9.26,,,0.8572205476915101,1,3313,1,0
19,1,1,0,0,72.97297297297297,1.0,73,3.15,,,0.8572205476915101,1,1456,0,0
23,2,1,0,0,34.778443113772454,0.8333333333333334,4174,5.65,,,0.8572205476915101,0,2526,0,1
23,1,0,0,1,40.0,1.0,164,,,0.825,0.8572205476915101,0,2526,0,0
3,2,1,1,1,35.77106518282989,1.0,628,22.8,431.09,1.0,0.8914073063347494,1,3361,0,0
5,1,1,1,1,37.54940711462451,1.0,252,21.6,149.35,0.407,0.8914073063347494,1,1321,0,1
5,1,1,1,1,55.06607929515418,1.0,226,17.4,63.92,0.116,0.8914073063347494,1,1324,1,1
14,2,1,1,1,41.2280701754386,0.3252507369230769,5585,36.9,134.33,1.0,0.8914073063347494,1,3217,1,1
2,2,1,0,0,38.47926267281106,0.333333,433,5.09,,,0.8914073063347494,1,2565,1,0
2,6,1,0,0,39.98267898383372,0.1080708115313806,3463,24.0,,,0.8914073063347494,1,317,1,0
7,1,1,0,0,75.53191489361703,1.0,187,2.51,,,0.8914073063347494,1,3755,1,0
9,1,1,0,0,82.38993710691824,1.0,158,4.92,,,0.8914073063347494,1,1610,1,0
9,1,1,0,0,79.27927927927928,1.0,110,3.0,,,0.8914073063347494,1,1831,1,0
16,2,1,0,0,68.3944374209861,0.3833334444444444,790,3.58,,,0.8914073063347494,1,2471,1,0
3,2,1,1,1,47.55230951440979,0.8333333333333334,5065,50.2,127.03,0.999,0.8387874230409273,1,1482,0,1
18,3,1,1,1,40.55919306317466,1.0,5650,95.0,43.85,1.0,0.8387874230409273,1,383,1,1
2,1,1,0,1,35.4014598540146,1.0,273,15.9,,0.368,0.8387874230409273,1,2293,0,1
2,1,1,0,0,54.22222222222223,1.0,224,7.97,,,0.8387874230409273,1,1614,0,0
2,11,1,0,0,39.75287601193012,0.1075757165579398,4693,104.0,,,0.8387874230409273,1,2565,1,0
4,1,1,0,0,26.40449438202247,1.0,177,2.75,,,0.8387874230409273,1,1560,0,0
7,1,1,0,0,25.42372881355932,1.0,117,2.77,,,0.8387874230409273,1,1271,0,0
3,8,1,1,1,37.93344879684564,0.3265809300892856,27136,89.9,183.21,1.0,0.7415131659488977,1,3686,1,1
10,3,1,1,1,50.33916797115886,0.2924407473416666,21080,42.2,335.71,1.0,0.7415131659488977,1,474,0,1
12,1,1,1,1,42.63565891472868,1.0,257,13.8,24.64,0.681,0.7415131659488977,1,790,0,1
1,5,1,0,0,39.98664143381944,0.4055885810714285,8982,7.85,,,0.7415131659488977,1,3568,1,0
1,2,1,0,0,32.07920792079208,1.0,1514,2.97,,,0.7415131659488977,1,503,1,0
2,3,1,0,0,39.10149750415973,0.361111,600,3.68,,,0.7415131659488977,1,2565,1,0
2,3,1,0,0,40.95238095238095,0.4166665,524,5.96,,,0.7415131659488977,1,2679,1,0
2,7,1,0,0,40.35087719298245,0.486111,1424,22.1,,,0.7415131659488977,1,3280,1,0
2,2,1,0,0,30.16759776536313,1.0,357,3.12,,,0.7415131659488977,1,1747,1,0
3,3,1,0,0,40.79577142381488,0.5395604428571429,24026,6.87,,,0.7415131659488977,1,3399,0,0
3,1,1,0,0,25.6,1.0,124,2.86,,,0.7415131659488977,1,3539,1,0
5,1,1,0,0,51.13636363636363,1.0,175,6.64,,,0.7415131659488977,1,2383,0,0
6,2,1,0,0,38.909449790278806,0.7692307692307693,4052,7.26,,,0.7415131659488977,1,3382,1,0
6,3,1,0,0,33.30442324371206,1.0,5764,6.07,,,0.7415131659488977,1,619,1,0
6,1,1,0,0,30.909090909090907,1.0,109,3.8,,,0.7415131659488977,1,1057,1,0
7,2,1,0,0,31.09243697478992,1.0,1427,3.87,,,0.7415131659488977,1,1271,1,0
17,5,1,0,0,45.97589842909404,0.5800243420833333,9293,35.8,,,0.7415131659488977,1,865,0,0
22,1,1,0,0,61.6822429906542,1.0,106,2.75,,,0.7415131659488977,1,2360,1,0
23,1,1,0,1,45.83333333333333,1.0,143,11.7,,0.99,0.7415131659488977,0,1030,1,0
9,1,1,1,1,65.86826347305389,1.0,333,24.4,333.4,0.406,0.9125106337681907,1,2873,0,1
10,2,1,1,0,40.93239191411161,0.5312498750000001,10338,33.1,241.98,,0.9125106337681907,1,1248,0,0
15,5,1,1,1,45.450566426364574,0.3207976496580311,38839,120.0,376.97,1.0,0.9125106337681907,1,957,1,1
2,4,1,0,0,39.499304589707926,0.6666665,718,30.9,,,0.9125106337681907,1,654,1,0
2,2,1,0,0,42.19269102990033,0.361111,300,20.9,,,0.9125106337681907,1,2959,0,0
2,4,1,0,0,40.02603319232021,0.1048996058787878,3072,-14.7,,,0.9125106337681907,1,2959,1,0
2,2,1,0,0,41.03343465045592,0.4166665,328,11.3,,,0.9125106337681907,1,22,0,0
2,2,1,0,0,42.19269102990033,0.361111,300,13.8,,,0.9125106337681907,1,317,1,0
2,4,1,0,0,40.0455432661028,0.1080708115313806,3073,-11.2,,,0.9125106337681907,1,317,0,0
7,1,1,0,1,64.36781609195403,0.5,260,19.0,,0.459,0.9125106337681907,1,2338,1,0
10,1,1,0,0,39.24050632911392,1.0,157,3.9,,,0.9125106337681907,1,247,0,0
10,1,1,0,0,45.40540540540541,1.0,184,2.76,,,0.9125106337681907,1,1568,0,0
2,1,0,0,1,42.42424242424242,0.333333,131,,,0.477,0.9125106337681907,1,2430,1,0
2,1,0,0,1,41.48148148148148,0.4166665,134,,,0.411,0.9125106337681907,1,2178,0,0
7,5,1,1,1,39.13246631882252,0.7857142857142857,12840,73.1,384.57,0.836,0.8582415662686954,1,489,0,1
10,5,1,1,1,35.57097584963392,0.2362847080652523,183019,74.9,29.19,1.0,0.8582415662686954,1,1606,1,1
2,1,1,0,0,41.04477611940299,0.6666665,133,2.74,,,0.8582415662686954,1,3424,1,0
2,5,1,0,0,40.32882011605416,0.3833332,1033,7.87,,,0.8582415662686954,1,1444,1,0
2,1,1,0,0,30.612244897959183,1.0,97,3.11,,,0.8582415662686954,1,3393,1,0
2,3,1,0,0,30.162085976039464,1.0,1418,4.57,,,0.8582415662686954,1,2607,1,0
5,1,1,0,1,54.19354838709678,1.0,154,16.8,,0.817,0.8582415662686954,1,3723,0,0
23,1,1,0,1,38.19742489270386,1.0,232,12.4,,0.907,0.8582415662686954,0,642,1,1
1,8,1,1,1,42.4980833120368,0.43613235,78259,130.0,115.36,1.0,0.8430130260070062,1,1638,1,1
2,7,1,1,1,35.383714118336265,1.0,8534,61.4,342.89,0.996,0.8430130260070062,1,898,0,1
2,1,1,0,0,41.04477611940299,0.6666665,133,3.24,,,0.8430130260070062,1,3424,0,0
2,2,1,0,0,38.47926267281106,0.333333,433,12.0,,,0.8430130260070062,1,2565,0,0
2,5,1,0,0,39.99388004895961,0.1080708115313806,3267,32.3,,,0.8430130260070062,1,317,0,0
2,1,1,0,0,43.28358208955223,0.333333,133,6.65,,,0.8430130260070062,1,1050,0,0
3,1,1,0,0,31.413612565445025,1.0,190,5.8,,,0.8430130260070062,1,1788,0,0
7,1,1,0,0,34.21052631578947,1.0,113,3.62,,,0.8430130260070062,1,2601,0,0
7,1,1,0,0,70.63492063492063,1.0,125,5.77,,,0.8430130260070062,1,3719,1,0
10,1,1,0,1,46.98795180722892,1.0,165,10.6,,0.345,0.8430130260070062,1,1371,0,0
12,2,1,0,0,55.91397849462365,1.0,278,3.68,,,0.8430130260070062,1,3147,0,0
18,3,1,0,0,40.67130869487591,1.0,5600,6.92,,,0.8430130260070062,1,383,0,0
3,3,1,1,1,41.98185460115471,0.20439046,16973,77.1,185.48,1.0,0.9014168039307472,1,3497,1,1
14,1,1,1,0,63.32518337408312,0.8,408,9.03,203.36,,0.9014168039307472,1,1588,0,0
15,6,1,1,1,48.7222408213369,0.290103598902439,8960,112.0,1674.26,0.999,0.9014168039307472,1,562,0,1
18,1,1,1,1,42.63157894736842,1.0,189,20.4,319.95,0.841,0.9014168039307472,1,3032,0,1
2,2,1,0,0,42.19269102990033,0.361111,300,6.39,,,0.9014168039307472,1,2959,0,0
7,1,1,0,0,64.61538461538461,0.5,259,3.41,,,0.9014168039307472,1,2338,1,0
10,2,1,0,0,35.02202643171806,1.0,453,7.71,,,0.9014168039307472,1,247,1,0
16,1,1,0,1,65.58704453441295,0.2166668,246,30.5,,0.425,0.9014168039307472,1,830,0,0
16,1,1,0,1,64.61538461538461,0.277778,194,12.0,,0.695,0.9014168039307472,1,940,0,0
16,1,1,0,0,66.84782608695652,0.3466668,183,7.23,,,0.9014168039307472,1,1591,0,0
19,1,1,0,0,53.04347826086957,1.0,114,14.6,,,0.9014168039307472,1,1155,1,0
14,1,0,0,1,62.22222222222222,0.8,359,,,0.424,0.9014168039307472,1,2517,1,0
5,4,1,1,1,34.724530990263595,0.7333333333333334,16843,90.8,209.3,1.0,0.9063018310135366,1,97,1,1
6,1,1,1,0,30.935251798561158,1.0,138,9.7,36.64,,0.9063018310135366,1,3872,0,0
7,1,1,1,1,38.775510204081634,1.0,146,32.7,65.48,0.944,0.9063018310135366,1,2207,1,0
12,5,1,1,1,44.870114394661584,0.2243823041754385,33567,136.0,1493.6,0.981,0.9063018310135366,1,400,0,1
2,3,1,0,0,39.10149750415973,0.361111,600,14.4,,,0.9063018310135366,1,2565,1,0
2,2,1,0,0,42.19269102990033,0.361111,300,10.6,,,0.9063018310135366,1,317,0,0
2,2,1,0,0,40.42553191489361,0.4166665,328,10.2,,,0.9063018310135366,1,3366,1,0
2,1,1,0,0,43.28358208955223,0.333333,133,4.43,,,0.9063018310135366,1,1050,1,0
10,1,1,0,0,45.40540540540541,1.0,184,3.02,,,0.9063018310135366,1,1568,0,0
16,1,1,0,0,65.4471544715447,0.2166668,245,2.72,,,0.9063018310135366,1,830,1,0
1,1,1,1,1,36.693548387096776,1.0,247,23.8,139.69,0.624,0.9317124194554152,1,3896,1,1
6,5,1,1,1,37.57139114487818,0.2244259371314741,38169,128.0,2913.25,1.0,0.9317124194554152,1,3441,0,1
7,3,1,1,1,37.57027621608409,0.0995774137538461,8181,31.7,351.66,0.658,0.9317124194554152,1,969,1,1
12,1,1,1,1,47.69230769230769,1.0,194,20.5,227.36,0.959,0.9317124194554152,1,2331,0,1
1,1,1,0,0,33.57664233576642,1.0,136,4.57,,,0.9317124194554152,1,2431,1,0
2,8,1,0,0,40.35087719298245,0.1066026248189654,3932,43.4,,,0.9317124194554152,1,2166,0,0
10,2,1,0,0,35.02202643171806,1.0,453,17.5,,,0.9317124194554152,1,247,1,0
12,2,1,0,0,35.74528872039998,0.5902776666666667,18200,3.57,,,0.9317124194554152,1,2751,1,0
12,2,1,0,0,43.34033123396314,0.566666625,4286,9.91,,,0.9317124194554152,1,734,0,0
16,1,1,0,0,65.51724137931035,0.5833335,202,7.29,,,0.9317124194554152,1,3075,1,0
16,1,1,0,0,66.84782608695652,0.3466668,183,3.49,,,0.9317124194554152,1,1591,1,0
18,1,1,0,0,48.14814814814815,1.0,188,3.84,,,0.9317124194554152,1,2085,1,0
1,5,1,1,1,41.22671765141236,0.1545721468114755,32427,125.0,356.38,1.0,0.839746828457386,1,1755,0,1
2,5,1,1,1,58.94574836475568,1.0,2598,35.5,60.07,0.995,0.839746828457386,1,131,1,0
2,4,1,1,1,46.705441797466335,0.5924749173913043,12550,109.0,41.64,1.0,0.839746828457386,1,756,1,1
6,1,1,1,1,37.391304347826086,1.0,229,21.2,10.38,0.626,0.839746828457386,1,3380,0,1
2,3,1,0,0,40.0415656390717,0.1048996058787878,2886,17.4,,,0.839746828457386,1,2959,0,0
2,6,1,0,0,39.94277539341917,0.1087681629958158,3494,7.24,,,0.839746828457386,1,3298,1,0
10,5,1,1,1,36.89030604475287,0.1655497976090143,426832,27.4,693.4,1.0,0.7887227660064505,1,57,0,1
10,1,1,1,0,66.43598615916954,1.0,288,6.39,20.65,,0.7887227660064505,1,1099,0,0
12,5,1,1,1,41.87904530744336,0.4317476534482759,9887,31.9,173.63,0.962,0.7887227660064505,1,734,1,1
16,1,1,1,1,53.95348837209303,1.0,214,7.35,78.28,0.527,0.7887227660064505,1,2827,0,1
1,2,1,0,0,41.41485958051902,0.8,2812,3.62,,,0.7887227660064505,1,94,1,0
1,1,1,0,0,61.67400881057269,1.0,226,3.17,,,0.7887227660064505,1,3265,0,0
2,2,1,0,0,26.737967914438503,1.0,186,4.56,,,0.7887227660064505,1,3824,1,0
2,3,1,0,0,39.10149750415973,0.361111,600,14.9,,,0.7887227660064505,1,2565,1,0
2,7,1,0,0,40.35087719298245,0.486111,1424,26.2,,,0.7887227660064505,1,3280,1,0
3,1,1,0,0,27.06766917293233,1.0,132,2.69,,,0.7887227660064505,1,1740,1,0
5,5,1,0,0,39.32060795130749,0.1241428323937564,170210,6.11,,,0.7887227660064505,1,3150,0,0
5,1,1,0,0,81.48148148148148,1.0,188,4.08,,,0.7887227660064505,1,583,0,0
6,1,1,0,0,29.577464788732392,1.0,70,2.79,,,0.7887227660064505,1,2925,1,0
6,4,1,0,0,30.25189532893128,0.4626435862068964,8177,4.29,,,0.7887227660064505,1,619,1,0
12,2,1,0,0,43.72590345962063,0.5825142277777778,19452,3.08,,,0.7887227660064505,1,400,1,0
14,1,1,0,1,56.33802816901409,1.0,141,6.32,,0.827,0.7887227660064505,1,3179,1,0
15,1,1,0,0,71.29411764705881,1.0,424,3.24,,,0.7887227660064505,1,2826,0,0
16,1,1,0,0,65.4471544715447,0.2166668,245,10.6,,,0.7887227660064505,1,830,0,0
16,5,1,0,0,67.08407871198568,0.3598485681818182,1676,22.2,,,0.7887227660064505,1,3075,0,0
16,1,1,0,0,66.84782608695652,0.3466668,183,5.6,,,0.7887227660064505,1,1591,0,0
18,1,1,0,0,76.36363636363637,1.0,109,2.56,,,0.7887227660064505,1,2049,0,0
16,1,0,0,1,65.19607843137256,0.5833335,203,,,0.472,0.7887227660064505,1,3075,0,0
2,1,1,1,1,46.17414248021108,1.0,378,25.9,508.04,0.496,0.9180727657739765,1,257,0,1
3,5,1,1,1,35.90451362265501,0.4383258,19562,63.8,785.91,0.998,0.9180727657739765,1,405,0,1
7,4,1,1,1,34.42175322828375,0.3818269354999999,17578,117.0,381.6,1.0,0.9180727657739765,1,1879,1,1
9,2,1,1,1,63.1578947368421,1.0,360,49.9,110.87,1.0,0.9180727657739765,1,1350,1,1
2,3,1,0,0,40.19047619047619,0.3888886666666666,524,7.78,,,0.9180727657739765,1,22,1,0
2,3,1,0,0,40.57142857142857,0.4166665,524,21.1,,,0.9180727657739765,1,3280,1,0
2,1,1,0,0,43.28358208955223,0.333333,133,3.59,,,0.9180727657739765,1,1050,1,0
16,1,1,0,0,65.4471544715447,0.2166668,245,4.41,,,0.9180727657739765,1,830,1,0
16,1,1,0,0,64.43298969072166,0.277778,193,6.71,,,0.9180727657739765,1,940,1,0
1,78,1,1,1,37.60861969862612,0.1941966608735084,266180,350.0,3076.53,0.993,0.9133813364377412,1,3345,1,0
3,1,1,1,1,45.25862068965517,1.0,231,13.5,82.38,0.604,0.9133813364377412,1,2054,1,1
10,6,1,1,1,36.30962826393594,0.1819243135433605,900369,75.5,460.85,1.0,0.9133813364377412,1,1901,1,1
15,7,1,1,1,37.6010781671159,1.0,6677,75.9,1695.7,0.971,0.9133813364377412,1,618,0,1
2,8,1,0,0,39.875,0.1097216393047209,3999,21.7,,,0.9133813364377412,1,3424,1,0
7,1,1,0,1,26.845637583892614,1.0,148,5.52,,0.979,0.9133813364377412,1,3825,0,0
10,2,1,0,0,35.02202643171806,1.0,453,12.1,,,0.9133813364377412,1,247,0,0
3,1,1,1,1,38.56502242152467,1.0,222,21.6,65.36,0.732,0.9088109871183564,1,3565,1,1
4,7,1,1,1,39.98607363565149,0.4316060443090908,22977,153.0,518.11,1.0,0.9088109871183564,1,3289,1,1
16,1,1,1,1,59.85401459854016,0.8,273,20.6,397.8,0.628,0.9088109871183564,1,2052,0,1
23,5,1,1,1,36.03790909303577,0.1616270873627545,341975,57.0,789.05,0.993,0.9088109871183564,0,3351,0,1
2,2,1,0,0,39.07692307692307,0.333333,324,3.86,,,0.9088109871183564,1,654,1,0
2,2,1,0,0,38.47926267281106,0.333333,433,8.23,,,0.9088109871183564,1,2565,0,0
2,9,1,0,0,40.099557522123895,0.4027776666666667,1807,34.1,,,0.9088109871183564,1,3309,1,0
2,3,1,0,0,40.57142857142857,0.4166665,524,71.1,,,0.9088109871183564,1,3280,0,0
2,1,1,0,0,43.28358208955223,0.333333,133,19.1,,,0.9088109871183564,1,1050,0,0
4,1,1,0,0,34.22818791946309,1.0,148,2.58,,,0.9088109871183564,1,2387,1,0
10,1,1,0,0,39.24050632911392,1.0,157,4.95,,,0.9088109871183564,1,247,1,0
1,1,1,1,1,33.50785340314136,1.0,190,11.7,26.16,0.862,0.9286746206138572,1,1363,0,1
7,8,1,1,0,39.87975951903808,0.4278010043478261,12474,81.7,275.33,,0.9286746206138572,1,635,1,1
19,5,1,1,1,56.28829880361832,1.0,3426,83.6,1428.79,0.937,0.9286746206138572,1,3525,0,1
1,1,1,0,0,76.34615384615384,1.0,1039,3.89,,,0.9286746206138572,1,3523,0,0
1,3,1,0,0,63.27372764786795,1.0,2907,9.39,,,0.9286746206138572,1,3347,1,0
2,8,1,0,1,39.839407041383566,0.4833332,1618,41.6,,0.846,0.9286746206138572,1,654,1,0
2,4,1,0,0,40.0455432661028,0.1080708115313806,3073,15.6,,,0.9286746206138572,1,317,1,0
3,1,1,0,0,34.89583333333333,1.0,191,2.89,,,0.9286746206138572,1,2426,0,0
6,1,1,0,0,41.17647058823529,1.0,322,3.68,,,0.9286746206138572,1,366,0,0
7,1,1,0,0,64.40677966101694,1.0,176,4.05,,,0.9286746206138572,1,1216,1,0
10,3,1,0,0,40.788072417465386,1.0,2816,7.69,,,0.9286746206138572,1,2764,0,0
12,4,1,0,0,43.93839439764539,0.2243823041754385,39411,28.0,,,0.9286746206138572,1,3183,0,0
7,1,0,0,1,44.3609022556391,1.0,132,,,0.994,0.9286746206138572,1,1764,1,0
7,1,1,1,1,43.75,1.0,239,14.3,117.24,0.659,0.8486572613619223,1,2585,0,1
15,6,1,1,1,51.7339312406577,0.3471725913207547,20069,60.2,983.6,0.999,0.8486572613619223,1,184,0,1
16,2,1,1,1,54.945736434108525,1.0,3224,14.5,47.85,0.998,0.8486572613619223,1,1374,1,1
1,1,1,0,0,50.0,1.0,109,13.1,,,0.8486572613619223,1,3030,0,0
1,2,1,0,1,33.39622641509434,1.0,529,8.13,,0.637,0.8486572613619223,1,3131,0,0
2,2,1,0,0,40.625,0.6666665,319,8.6,,,0.8486572613619223,1,842,1,0
2,2,1,0,0,39.696969696969695,0.5555553333333334,329,9.77,,,0.8486572613619223,1,3424,1,0
2,9,1,0,0,40.00473148805299,0.1066026248189654,4226,53.0,,,0.8486572613619223,1,2166,1,0
2,8,1,0,0,39.97562461913468,0.4166665,1640,93.0,,,0.8486572613619223,1,2178,0,0
3,1,1,0,1,59.036144578313255,0.8333333333333334,248,9.1,,0.573,0.8486572613619223,1,1012,1,1
6,3,1,0,0,33.60034453057709,1.0,11609,8.83,,,0.8486572613619223,1,2304,1,0
7,4,1,0,0,35.75005007009814,0.0911223451355311,24964,24.4,,,0.8486572613619223,1,3641,1,0
10,1,1,0,0,39.24050632911392,1.0,157,6.8,,,0.8486572613619223,1,247,1,0
10,3,1,0,0,50.29242546716751,0.2924407473416666,21030,43.9,,,0.8486572613619223,1,474,0,0
3,4,1,1,1,39.41509433962264,0.3181479869999999,5299,67.7,2565.25,1.0,0.9287119609622588,1,3444,0,1
3,1,1,1,1,58.47953216374269,1.0,170,13.6,196.25,0.675,0.9287119609622588,1,349,0,0
9,8,1,1,1,38.05167631745414,0.625,20550,135.0,1319.23,0.977,0.9287119609622588,1,1978,1,1
15,1,1,1,1,68.99563318777294,1.0,228,16.7,130.89,0.597,0.9287119609622588,1,253,1,1
2,2,1,0,0,40.3125,0.4166665,319,21.4,,,0.9287119609622588,1,3309,0,0
2,5,1,0,0,39.86784140969163,0.4444443333333334,907,26.4,,,0.9287119609622588,1,2178,1,0
7,1,1,0,0,64.61538461538461,0.5,259,6.11,,,0.9287119609622588,1,2338,1,0
7,1,1,0,0,75.53191489361703,1.0,187,2.66,,,0.9287119609622588,1,3755,1,0
10,2,1,0,0,35.02202643171806,1.0,453,4.47,,,0.9287119609622588,1,247,1,0
19,1,1,0,0,80.0,1.0,89,3.54,,,0.9287119609622588,1,1493,1,0
3,1,1,1,1,53.42465753424658,1.0,218,15.3,42.61,0.744,0.9045452131994368,1,2098,1,1
6,1,1,1,1,34.78260869565217,1.0,183,11.4,88.47,0.984,0.9045452131994368,1,1711,0,0
10,6,1,1,1,35.69196874514417,0.2513564667078209,360391,80.9,395.73,1.0,0.9045452131994368,1,1606,1,1
15,5,1,1,1,46.14127230826946,0.3792776290900903,37317,61.5,821.68,0.882,0.9045452131994368,1,169,0,1
16,1,1,0,0,65.4471544715447,0.2166668,245,5.83,,,0.9045452131994368,1,830,0,0
16,1,1,0,0,65.51724137931035,0.5833335,202,4.85,,,0.9045452131994368,1,3075,0,0
16,1,1,0,0,82.64150943396227,0.3166666666666666,264,2.48,,,0.9045452131994368,1,796,0,0
16,1,1,0,0,80.6640625,1.0,511,2.78,,,0.9045452131994368,1,1119,0,0
20,1,1,0,0,79.44444444444444,1.0,359,2.6,,,0.9045452131994368,1,113,0,0
4,7,1,1,1,37.059407222054446,0.2441538753595115,23178,91.2,165.18,1.0,0.8457234544244999,1,3178,1,1
15,1,1,1,0,58.609271523178805,0.8333333333333334,301,14.6,115.05,,0.8457234544244999,1,2405,0,1
18,7,1,1,1,37.02056698165648,1.0,10793,101.0,1378.12,0.952,0.8457234544244999,1,1029,0,1
2,2,1,0,0,42.19269102990033,0.361111,300,9.64,,,0.8457234544244999,1,2959,1,0
2,2,1,0,0,42.19269102990033,0.361111,300,10.7,,,0.8457234544244999,1,317,0,0
10,1,1,0,0,39.24050632911392,1.0,157,4.13,,,0.8457234544244999,1,247,1,0
14,1,1,0,0,37.58389261744966,1.0,148,4.53,,,0.8457234544244999,1,577,0,0
18,1,1,0,1,38.095238095238095,1.0,104,13.7,,0.901,0.8457234544244999,1,726,1,0
23,1,1,0,0,55.50847457627118,1.0,235,2.65,,,0.8457234544244999,0,454,1,0
9,1,1,1,1,57.74647887323944,1.0,212,23.9,427.15,0.751,0.904066060135293,1,269,0,1
11,5,1,1,1,42.40232751454697,0.1731063463265306,12029,109.0,598.15,1.0,0.904066060135293,1,3502,1,1
14,6,1,1,1,47.625079164027866,0.6485713999999999,12631,136.0,2985.77,1.0,0.904066060135293,1,2869,0,1
23,1,1,1,1,40.56603773584906,1.0,211,19.5,12.22,0.956,0.904066060135293,0,2763,1,1
2,2,1,0,0,44.82758620689656,0.333333,376,9.35,,,0.904066060135293,1,2036,0,0
2,4,1,0,0,40.253748558246826,0.3888886666666666,866,10.9,,,0.904066060135293,1,1436,1,0
3,1,1,0,0,27.06766917293233,1.0,132,3.03,,,0.904066060135293,1,1740,1,0
10,1,1,0,0,30.76923076923077,1.0,142,3.27,,,0.904066060135293,1,1731,1,0
2,5,0,1,0,39.21161825726141,0.6666665,963,,59.52,,0.8491336062339192,1,2968,0,0
15,1,0,1,0,72.21052631578947,1.0,474,,8.25,,0.8491336062339192,1,2826,0,0
23,5,1,1,1,39.60893217179595,0.1267145782965517,26286,31.3,391.86,0.964,0.8491336062339192,0,3233,0,1
2,1,1,0,0,30.612244897959183,1.0,97,3.95,,,0.8491336062339192,1,3393,0,0
4,2,1,0,1,36.12544056392182,0.4619850314754097,124839,22.4,,1.0,0.8491336062339192,1,1481,1,1
4,2,1,0,0,43.44086021505376,0.7777776666666667,1859,5.19,,,0.8491336062339192,1,1195,0,0
6,1,1,0,1,56.09756097560976,1.0,122,10.8,,0.053,0.8491336062339192,1,3544,1,0
6,1,1,0,0,27.500000000000004,1.0,79,2.69,,,0.8491336062339192,1,2304,0,0
6,1,1,0,0,30.909090909090907,1.0,109,2.87,,,0.8491336062339192,1,1057,0,0
7,4,1,0,0,35.44459260298968,0.1537996912018349,28497,9.31,,,0.8491336062339192,1,1242,0,0
10,1,1,0,0,39.24050632911392,1.0,157,3.35,,,0.8491336062339192,1,247,1,0
15,1,1,0,1,54.6875,1.0,127,6.84,,0.726,0.8491336062339192,1,169,0,0
16,1,1,0,0,65.51724137931035,0.5833335,202,8.08,,,0.8491336062339192,1,3075,0,0
16,1,1,0,0,64.43298969072166,0.277778,193,7.63,,,0.8491336062339192,1,940,0,0
23,1,1,0,0,66.66666666666666,1.0,113,2.68,,,0.8491336062339192,0,27,1,0
4,5,1,1,1,36.79396984924623,0.2811642933043479,49749,64.1,627.39,0.771,0.9179539140372728,1,992,0,1
15,2,1,1,1,40.153452685422,1.0,390,24.3,575.04,1.0,0.9179539140372728,1,1403,0,1
19,5,1,1,1,62.17522658610272,1.0,1654,90.3,384.85,0.999,0.9179539140372728,1,2799,1,1
1,5,1,0,0,41.23478905429613,0.1545721468114755,32377,15.5,,,0.9179539140372728,1,1755,0,0
2,6,1,0,0,40.2766476810415,0.4833332,1228,67.4,,,0.9179539140372728,1,2430,0,0
3,1,1,0,0,27.06766917293233,1.0,132,3.1,,,0.9179539140372728,1,1740,0,0
3,1,1,0,0,45.78313253012048,1.0,165,6.42,,,0.9179539140372728,1,3455,0,0
5,1,1,0,0,37.28813559322034,1.0,117,2.7,,,0.9179539140372728,1,2236,0,0
6,4,1,0,0,38.06135649602661,0.2279782310377358,10821,18.3,,,0.9179539140372728,1,2408,1,0
16,1,1,0,0,65.4471544715447,0.2166668,245,2.98,,,0.9179539140372728,1,830,0,0
2,2,1,1,1,46.49257160361464,0.3462120735294117,13057,33.9,15.77,0.993,0.8218285462607776,1,1614,1,1
18,6,1,1,1,39.80842911877394,0.0941991291962616,20879,81.4,511.05,0.999,0.8218285462607776,1,1841,0,1
2,1,1,0,0,35.53113553113553,1.0,272,5.31,,,0.8218285462607776,1,2293,1,0
2,3,1,0,0,40.38748137108793,0.333333,670,13.0,,,0.8218285462607776,1,116,1,0
2,3,1,0,0,39.26788685524127,0.361111,600,28.8,,,0.8218285462607776,1,787,0,0
3,1,1,0,1,49.549549549549546,1.0,221,18.6,,0.358,0.8218285462607776,1,2697,1,1
3,2,1,0,0,47.52791068580542,0.8333333333333334,5015,9.83,,,0.8218285462607776,1,1482,1,0
4,3,1,0,0,33.868709938849186,1.0,13572,6.59,,,0.8218285462607776,1,2685,0,0
6,1,1,0,0,38.46153846153847,1.0,181,3.84,,,0.8218285462607776,1,3831,1,0
7,1,1,0,0,43.26923076923077,1.0,103,8.62,,,0.8218285462607776,1,1621,0,0
18,3,1,0,0,40.67130869487591,1.0,5600,22.1,,,0.8218285462607776,1,383,0,0
23,3,1,0,0,36.36855488827571,0.3832502054545454,55448,4.17,,,0.8218285462607776,0,3327,1,0
1,1,1,1,1,49.72375690607735,1.0,904,26.9,61.19,1.0,0.8900875928462617,1,593,1,1
6,5,0,1,0,34.346357935359386,1.0,6218,,4.72,,0.8900875928462617,1,3219,0,0
19,2,1,1,1,61.02189781021898,1.0,684,44.4,118.82,1.0,0.8900875928462617,1,3008,1,0
2,2,1,0,0,40.3125,0.4166665,319,9.6,,,0.8900875928462617,1,3309,1,0
2,2,1,0,0,41.03343465045592,0.4166665,328,10.4,,,0.8900875928462617,1,22,0,0
2,4,1,0,0,40.0455432661028,0.1080708115313806,3073,23.5,,,0.8900875928462617,1,317,0,0
2,1,1,0,0,35.15625,1.0,127,2.67,,,0.8900875928462617,1,681,0,0
2,1,1,0,0,48.10126582278481,1.0,157,3.27,,,0.8900875928462617,1,158,0,0
5,2,1,0,0,36.45582854155776,0.7333333333333334,9564,6.03,,,0.8900875928462617,1,97,0,0
10,1,1,0,0,39.24050632911392,1.0,157,3.73,,,0.8900875928462617,1,247,1,0
23,6,1,0,1,35.624057315233784,1.0,10607,64.9,,0.999,0.8900875928462617,0,2048,0,1
1,1,1,1,0,30.48128342245989,1.0,186,5.84,168.89,,0.9312796106464494,1,2431,0,1
5,8,1,1,1,36.42623716153128,0.3452258722222223,34271,135.0,3076.53,1.0,0.9312796106464494,1,2802,0,1
7,3,1,1,1,37.57027621608409,0.0995774137538461,8181,23.7,321.18,0.666,0.9312796106464494,1,969,1,1
18,1,1,1,1,40.09433962264151,1.0,211,17.6,118.23,0.75,0.9312796106464494,1,2302,1,1
2,11,1,0,0,40.03508002631002,0.1098516679063829,4560,76.9,,,0.9312796106464494,1,2959,1,0
2,2,1,0,0,41.28440366972477,0.333333,326,3.75,,,0.9312796106464494,1,3280,1,0
4,1,1,0,0,65.19337016574586,1.0,180,2.65,,,0.9312796106464494,1,3944,0,0
10,1,1,0,0,39.24050632911392,1.0,157,11.2,,,0.9312796106464494,1,247,0,0
12,2,1,0,0,43.34033123396314,0.566666625,4286,8.22,,,0.9312796106464494,1,734,0,0
18,1,1,0,0,45.16129032258064,1.0,216,4.9,,,0.9312796106464494,1,833,0,0
19,1,1,0,0,80.0,1.0,89,3.15,,,0.9312796106464494,1,1493,1,0
23,1,1,0,0,40.69767441860465,1.0,85,3.37,,,0.9312796106464494,0,2228,1,0
3,5,1,1,1,45.2768059271455,0.2164691396428571,9717,74.0,438.77,1.0,0.919680398530896,1,3894,1,1
3,1,1,1,1,54.268292682926834,1.0,163,7.16,168.82,0.953,0.919680398530896,1,1736,0,0
17,7,1,1,1,45.872381477398015,0.388735004347826,14511,76.4,2512.08,1.0,0.919680398530896,1,3313,0,1
18,1,1,1,1,50.526315789473685,1.0,284,12.5,77.51,0.726,0.919680398530896,1,3688,1,1
2,17,1,0,0,39.77134517149112,0.1081795188855931,8221,112.0,,,0.919680398530896,1,2565,0,0
2,1,1,0,0,43.28358208955223,0.333333,133,8.87,,,0.919680398530896,1,1050,0,0
3,1,1,0,0,68.05555555555556,1.0,143,6.47,,,0.919680398530896,1,430,0,0
7,1,1,0,0,30.76923076923077,1.0,129,3.3,,,0.919680398530896,1,2761,1,0
7,3,1,0,0,32.8928046989721,0.2471161097142857,8171,13.2,,,0.919680398530896,1,3369,1,0
16,2,1,0,0,54.83464566929134,1.0,3174,3.78,,,0.919680398530896,1,1374,1,0
3,5,1,1,1,36.05371900826447,0.1964997160701754,7743,97.1,360.5,0.999,0.8992350673114085,1,3361,1,1
6,2,1,1,1,33.21917808219178,1.0,5255,25.6,436.75,1.0,0.8992350673114085,1,1748,0,1
9,1,1,1,1,62.35294117647059,1.0,339,19.7,59.27,0.255,0.8992350673114085,1,3775,1,1
18,2,1,1,1,39.8921832884097,1.0,370,23.1,364.2,0.986,0.8992350673114085,1,3603,0,1
2,2,1,0,0,38.47926267281106,0.333333,433,29.0,,,0.8992350673114085,1,2565,0,0
2,4,1,0,0,40.692124105011935,0.361111,837,11.8,,,0.8992350673114085,1,2036,1,0
2,3,1,0,0,40.57142857142857,0.4166665,524,155.0,,,0.8992350673114085,1,3280,0,0
2,2,1,0,1,41.72185430463576,0.52083325,301,46.0,,0.318,0.8992350673114085,1,1050,0,0
6,1,1,0,0,25.352112676056336,1.0,70,2.88,,,0.8992350673114085,1,1390,1,0
10,1,1,0,0,39.24050632911392,1.0,157,5.91,,,0.8992350673114085,1,247,0,0
2,1,0,0,1,41.66666666666667,0.333333,131,,,0.314,0.8992350673114085,1,3366,0,0
12,5,1,1,1,47.98504362276693,1.0,4813,98.6,44.7,1.0,0.8379508048931126,1,1988,1,1
2,3,1,0,0,39.10149750415973,0.361111,600,6.71,,,0.8379508048931126,1,2565,1,0
2,2,1,0,0,42.19269102990033,0.361111,300,10.4,,,0.8379508048931126,1,317,0,0
2,1,1,0,0,43.28358208955223,0.333333,133,4.6,,,0.8379508048931126,1,1050,1,0
2,1,1,0,0,34.73684210526316,1.0,94,2.79,,,0.8379508048931126,1,3929,0,0
4,2,1,0,1,38.37602706621556,0.4205127285714286,2068,31.4,,0.998,0.8379508048931126,1,545,0,1
10,2,1,0,0,35.02202643171806,1.0,453,12.4,,,0.8379508048931126,1,247,0,0
12,1,1,0,0,33.80281690140845,1.0,212,18.9,,,0.8379508048931126,1,1888,1,1
15,5,1,0,0,33.957490886635725,0.4443372175,50200,17.7,,,0.8379508048931126,1,535,0,0
16,1,1,0,0,65.4471544715447,0.2166668,245,2.84,,,0.8379508048931126,1,830,0,0
18,1,1,0,0,59.88372093023256,1.0,343,14.8,,,0.8379508048931126,1,1720,0,1
2,1,1,1,1,48.30917874396136,1.0,206,24.6,38.4,0.942,0.92354820828693,1,2469,1,0
4,2,0,1,0,28.99692544196772,0.5866666,10407,,46.29,,0.92354820828693,1,1556,0,0
6,1,1,1,1,42.62734584450402,1.0,372,21.7,206.2,0.424,0.92354820828693,1,1039,0,1
7,5,1,1,1,34.464543815469895,0.120387565243083,134221,103.0,1427.0,0.998,0.92354820828693,1,640,0,1
7,1,1,1,1,38.62068965517241,1.0,144,21.5,28.76,0.955,0.92354820828693,1,2287,1,0
2,2,1,0,0,40.42553191489361,0.4166665,328,3.5,,,0.92354820828693,1,3366,0,0
6,1,1,0,0,32.83582089552239,1.0,133,6.53,,,0.92354820828693,1,1587,1,0
10,1,1,0,0,36.98630136986301,1.0,145,2.8,,,0.92354820828693,1,88,1,0
10,1,1,0,0,39.24050632911392,1.0,157,10.8,,,0.92354820828693,1,247,0,0
3,2,1,1,1,35.43397420682016,0.1779531852604166,25277,46.3,570.38,1.0,0.9292823227577084,1,573,0,1
5,1,1,1,0,38.63636363636363,1.0,219,23.4,446.53,,0.9292823227577084,1,2349,0,1
7,2,1,1,1,41.63286004056796,0.5441849357142857,3943,46.2,73.18,0.971,0.9292823227577084,1,1545,1,1
15,1,1,1,1,37.61061946902655,1.0,225,25.5,78.56,0.87,0.9292823227577084,1,2028,1,1
2,4,1,0,0,39.66112331346093,0.1048996058787878,3186,48.7,,,0.9292823227577084,1,2565,0,0
2,2,1,0,0,42.19269102990033,0.361111,300,6.03,,,0.9292823227577084,1,317,1,0
10,2,1,0,0,35.02202643171806,1.0,453,17.9,,,0.9292823227577084,1,247,1,0
1,1,1,1,1,38.095238095238095,1.0,230,8.24,32.05,0.654,0.8531670202907305,1,130,0,1
7,2,1,1,0,41.63286004056796,0.5441849357142857,3943,12.1,70.11,,0.8531670202907305,1,1545,0,1
23,2,0,1,1,36.62479692514958,0.1171737681759999,50473,,11.79,1.0,0.8531670202907305,0,793,1,1
1,1,1,0,0,31.85483870967742,1.0,247,2.66,,,0.8531670202907305,1,94,1,0
3,1,1,0,1,54.6875,1.0,63,6.78,,0.981,0.8531670202907305,1,2910,1,0
5,1,1,0,0,81.48148148148148,1.0,188,2.43,,,0.8531670202907305,1,583,0,0
10,1,1,0,0,67.36401673640168,1.0,238,2.58,,,0.8531670202907305,1,1099,0,0
15,1,1,0,0,71.29411764705881,1.0,424,3.24,,,0.8531670202907305,1,2826,0,0
23,6,1,0,0,38.44929084700312,0.3574190850819672,47732,9.95,,,0.8531670202907305,0,3214,1,0
23,6,1,0,0,38.58308847535096,0.1267145782965517,30629,6.35,,,0.8531670202907305,0,34,1,0
23,17,1,0,0,37.099138883467816,0.1663151995684531,620008,39.2,,,0.8531670202907305,0,3713,1,0
23,8,1,0,0,33.40063679428438,1.0,38630,17.1,,,0.8531670202907305,0,1951,1,0
23,12,1,0,0,34.974803364091386,0.2011044300489131,117475,15.5,,,0.8531670202907305,0,514,1,0
23,3,1,0,0,36.04419116588146,1.0,48606,4.16,,,0.8531670202907305,0,1369,1,0
23,7,1,0,0,43.65697387875801,0.2193719195049504,10144,9.96,,,0.8531670202907305,0,1752,1,0
23,9,1,0,0,35.4003059663437,0.6428571428571429,9804,12.8,,,0.8531670202907305,0,3105,1,0
23,36,1,0,0,35.436832850825,0.1817173739354362,112605,67.5,,,0.8531670202907305,0,1026,1,0
23,1,1,0,0,69.10229645093946,1.0,478,4.26,,,0.8531670202907305,0,393,1,0
23,6,1,0,0,44.78130062485536,0.4342147214285714,12962,9.27,,,0.8531670202907305,0,440,1,0
23,3,1,0,0,62.38839285714286,1.0,895,4.78,,,0.8531670202907305,0,1541,1,0
23,5,1,0,0,64.28788338900698,1.0,3292,4.81,,,0.8531670202907305,0,2425,1,0
23,11,1,0,0,56.24288712981462,0.3174854436319701,39540,18.2,,,0.8531670202907305,0,2078,1,0
1,1,1,1,1,68.85964912280701,1.0,455,24.6,422.83,0.444,0.9161916058990448,1,2138,0,1
1,1,1,1,1,41.49377593360996,1.0,240,24.3,115.95,0.684,0.9161916058990448,1,2354,1,1
4,7,1,1,1,36.77016478751084,0.2128721793661971,28824,137.0,2990.23,1.0,0.9161916058990448,1,889,0,1
7,3,1,1,1,34.590366405928364,0.2471161097142857,12144,78.1,619.32,1.0,0.9161916058990448,1,3211,1,1
2,1,1,0,0,38.93129770992366,0.333333,130,5.24,,,0.9161916058990448,1,654,0,0
2,2,1,0,1,44.70899470899471,0.333333,377,25.1,,0.46,0.9161916058990448,1,116,0,0
2,6,1,0,0,40.01661589587372,0.1080708115313806,3610,44.9,,,0.9161916058990448,1,2036,1,0
2,2,1,0,1,45.23809523809524,0.333333,377,14.0,,0.957,0.9161916058990448,1,2015,1,0
5,3,1,1,1,39.29374799157353,0.1018068314517766,112027,37.1,150.7,1.0,0.8557283241884119,1,2240,0,1
15,6,1,1,1,34.20178653229501,0.4443372175,52391,69.4,65.86,1.0,0.8557283241884119,1,535,1,1
18,1,1,1,1,46.13095238095239,1.0,335,17.3,51.67,0.514,0.8557283241884119,1,435,0,1
1,1,1,0,1,53.80952380952381,1.0,209,14.6,,0.543,0.8557283241884119,1,2404,1,1
2,1,1,0,0,67.15328467153284,1.0,136,3.06,,,0.8557283241884119,1,58,1,0
2,1,1,0,0,43.51145038167939,0.333333,130,4.4,,,0.8557283241884119,1,28,1,0
2,7,1,0,0,41.05419450631032,0.4166665,1346,34.4,,,0.8557283241884119,1,3309,0,0
5,1,1,0,0,77.0,1.0,99,3.33,,,0.8557283241884119,1,788,1,0
7,1,1,0,0,75.53191489361703,1.0,187,3.31,,,0.8557283241884119,1,3755,1,0
19,1,1,0,0,80.0,1.0,89,2.59,,,0.8557283241884119,1,1493,1,0
19,1,1,0,0,56.36363636363636,1.0,54,2.4,,,0.8557283241884119,1,3324,1,0
20,1,1,0,0,79.44444444444444,1.0,359,2.44,,,0.8557283241884119,1,113,1,0
3,1,1,1,1,42.129629629629626,1.0,215,21.1,23.63,0.613,0.9264047904880872,1,3455,1,1
4,4,1,1,1,34.91722979012478,0.6509259444444445,27968,89.1,158.98,1.0,0.9264047904880872,1,992,1,1
6,4,1,1,1,38.0658246519775,0.2279782310377358,10846,83.0,903.8,1.0,0.9264047904880872,1,2408,0,1
23,1,1,1,1,41.988950276243095,1.0,180,14.1,95.85,1.0,0.9264047904880872,0,2672,0,0
2,2,1,0,0,40.3125,0.4166665,319,13.0,,,0.9264047904880872,1,3309,1,0
7,1,1,0,0,46.15384615384615,1.0,246,2.81,,,0.9264047904880872,1,3935,0,0
9,2,1,0,0,38.2962962962963,1.0,1349,3.24,,,0.9264047904880872,1,301,0,0
1,2,1,1,1,42.36163601242966,0.8333333333333334,23813,48.8,350.25,1.0,0.8825462508877505,1,1820,0,1
5,1,1,1,1,42.77456647398844,1.0,172,22.1,192.6,0.981,0.8825462508877505,1,2240,0,0
10,3,1,1,1,35.00856653340948,0.1564854337999998,21011,76.2,114.15,1.0,0.8825462508877505,1,2852,1,1
18,2,1,1,1,31.79297597042514,1.0,540,37.5,91.26,1.0,0.8825462508877505,1,3418,1,1
2,2,1,0,0,42.19269102990033,0.361111,300,4.54,,,0.8825462508877505,1,2959,0,0
2,4,1,0,0,39.63838664812239,0.4166665,718,13.1,,,0.8825462508877505,1,1497,1,0
2,5,1,0,0,39.86784140969163,0.4444443333333334,907,40.4,,,0.8825462508877505,1,2178,0,0
2,1,1,0,0,43.28358208955223,0.333333,133,4.26,,,0.8825462508877505,1,1050,0,0
5,3,1,1,1,37.75019001773499,1.0,3946,43.6,65.56,0.997,0.8927299816976395,1,1032,1,1
7,3,1,1,1,52.200527373179305,0.3625679583107569,95567,41.5,422.61,1.0,0.8927299816976395,1,2107,0,1
10,1,1,1,1,52.4822695035461,1.0,281,25.1,55.74,0.421,0.8927299816976395,1,938,1,1
12,1,1,1,0,39.91031390134529,0.70833325,222,24.4,89.74,,0.8927299816976395,1,734,0,1
2,1,1,0,0,43.51145038167939,0.333333,130,4.25,,,0.8927299816976395,1,28,0,0
2,3,1,0,0,40.95238095238095,0.4166665,524,15.4,,,0.8927299816976395,1,2679,1,0
2,1,1,0,0,41.98473282442748,0.333333,130,6.52,,,0.8927299816976395,1,3366,1,0
1,1,1,1,1,39.39393939393939,1.0,263,11.9,218.78,0.653,0.9220181879908944,1,1755,0,1
5,8,1,1,1,48.37668687658908,1.0,10225,132.0,835.4,1.0,0.9220181879908944,1,628,1,1
7,1,1,1,1,45.11784511784512,1.0,296,15.1,54.98,0.881,0.9220181879908944,1,3935,1,1
10,4,1,1,1,41.58072648103587,0.315801504801061,104723,80.2,1254.51,0.957,0.9220181879908944,1,597,0,1
2,1,1,0,0,45.71428571428572,0.333333,139,3.84,,,0.9220181879908944,1,2565,1,0
1,2,1,1,1,53.83548983364141,1.0,2163,75.4,216.45,1.0,0.9070845306266364,1,207,1,1
7,7,1,1,0,33.62039965013793,0.2739019920472973,44588,182.0,2298.91,,0.9070845306266364,1,1612,0,1
7,1,1,1,1,32.48407643312102,1.0,313,21.1,7.65,0.735,0.9070845306266364,1,3037,1,1
18,1,1,1,1,40.96045197740113,1.0,353,24.6,336.4,0.53,0.9070845306266364,1,43,0,1
2,2,1,0,0,40.42553191489361,0.4166665,328,6.55,,,0.9070845306266364,1,3366,0,0
10,2,1,0,0,35.02202643171806,1.0,453,18.5,,,0.9070845306266364,1,247,0,0
1,1,1,1,1,46.875,1.0,159,8.96,3.89,0.991,0.8612480367027172,1,3030,1,0
6,1,0,1,0,37.69230769230769,1.0,129,,41.3,,0.8612480367027172,1,1748,0,0
7,4,1,1,1,35.758544873076154,0.0911223451355311,25014,34.7,405.3,1.0,0.8612480367027172,1,3641,0,1
10,3,1,1,1,50.33916797115886,0.2924407473416666,21080,39.8,116.18,1.0,0.8612480367027172,1,474,1,1
1,1,1,0,0,35.51401869158878,1.0,106,3.96,,,0.8612480367027172,1,888,0,0
1,1,1,0,0,34.54545454545455,1.0,109,4.97,,,0.8612480367027172,1,2037,0,0
2,3,1,0,0,40.07782101167315,0.6666665,513,9.77,,,0.8612480367027172,1,842,0,0
2,2,1,0,1,39.87915407854985,0.5555553333333334,330,16.2,,0.876,0.8612480367027172,1,3424,0,0
2,10,1,0,0,40.00910332271279,0.1075757165579398,4393,91.9,,,0.8612480367027172,1,2959,0,0
2,8,1,0,0,39.97562461913468,0.4166665,1640,64.3,,,0.8612480367027172,1,2178,1,0
2,1,1,0,0,36.74418604651163,1.0,214,2.65,,,0.8612480367027172,1,786,0,0
2,2,1,0,0,28.68131868131868,1.0,909,6.5,,,0.8612480367027172,1,922,0,0
2,3,1,0,0,28.07843137254902,1.0,1274,4.43,,,0.8612480367027172,1,3815,0,0
5,1,1,0,0,32.450331125827816,1.0,150,2.99,,,0.8612480367027172,1,3132,0,0
6,1,1,0,0,29.577464788732392,1.0,70,4.23,,,0.8612480367027172,1,2925,0,0
6,3,1,0,1,33.606063215915945,1.0,11610,13.2,,0.808,0.8612480367027172,1,2304,0,0
7,2,1,0,0,28.768577494692146,1.0,2825,2.86,,,0.8612480367027172,1,477,0,0
7,1,1,0,0,35.65891472868217,1.0,128,4.01,,,0.8612480367027172,1,2181,0,0
7,1,1,0,0,34.21052631578947,1.0,113,2.64,,,0.8612480367027172,1,2601,0,0
7,1,1,0,0,43.15789473684211,1.0,189,2.91,,,0.8612480367027172,1,2585,1,0
10,1,1,0,0,30.48780487804878,1.0,163,2.92,,,0.8612480367027172,1,592,0,0
12,1,1,0,0,35.714285714285715,1.0,153,2.96,,,0.8612480367027172,1,3897,0,0
15,6,1,0,0,51.723276723276726,0.3471725913207547,20019,14.5,,,0.8612480367027172,1,184,1,0
15,7,1,0,0,56.35232481990832,0.8333333333333334,21377,8.96,,,0.8612480367027172,1,1958,0,0
23,1,1,0,0,29.585798816568047,1.0,168,3.61,,,0.8612480367027172,0,2111,0,0
3,1,0,0,1,26.86567164179105,1.0,133,,,0.0,0.8612480367027172,1,1740,0,0
7,2,0,0,1,39.84555984555985,0.4050519095238095,2589,,,1.0,0.8612480367027172,1,683,1,0
6,1,0,1,0,43.83116883116883,1.0,307,,44.68,,0.7902080919020648,1,3382,0,0
17,5,1,1,1,46.0402397260274,0.5800243420833333,9343,103.0,99.16,1.0,0.7902080919020648,1,865,1,1
22,1,1,1,1,59.23566878980891,1.0,156,18.3,33.51,0.713,0.7902080919020648,1,2360,0,0
2,3,1,0,0,40.57142857142857,0.4166665,524,5.92,,,0.7902080919020648,1,3280,1,0
3,2,1,0,0,39.1183879093199,0.4677472066666666,3969,5.65,,,0.7902080919020648,1,3746,0,0
5,1,1,0,1,50.84745762711864,1.0,176,23.8,,0.538,0.7902080919020648,1,2383,1,0
6,2,1,0,1,38.89985199802664,0.7692307692307693,4053,46.5,,1.0,0.7902080919020648,1,3382,0,1
10,2,1,0,0,35.02202643171806,1.0,453,9.55,,,0.7902080919020648,1,247,1,0
16,1,1,0,0,65.4471544715447,0.2166668,245,7.94,,,0.7902080919020648,1,830,0,0
16,1,1,0,0,65.51724137931035,0.5833335,202,6.03,,,0.7902080919020648,1,3075,0,0
16,1,1,0,0,64.43298969072166,0.277778,193,3.29,,,0.7902080919020648,1,940,0,0
18,7,1,0,0,40.216948231351054,0.6833333333333332,44157,13.1,,,0.7902080919020648,1,2320,1,0
1,1,1,1,1,27.368421052631582,1.0,189,4.63,6.12,0.996,0.8869728838377681,1,3467,1,0
1,1,1,1,0,31.67701863354037,1.0,160,5.25,11.45,,0.8869728838377681,1,1022,0,0
2,1,1,1,0,29.65116279069768,1.0,171,5.08,11.0,,0.8869728838377681,1,2317,1,0
2,1,0,1,0,43.75,1.0,207,,11.06,,0.8869728838377681,1,3462,1,0
14,6,1,1,1,47.625079164027866,0.6485713999999999,12631,40.6,596.16,1.0,0.8869728838377681,1,2869,0,1
18,4,1,1,1,38.91682229564718,0.4158253731428571,27843,25.9,51.05,1.0,0.8869728838377681,1,947,1,1
1,1,1,0,1,71.17117117117117,1.0,110,4.42,,0.043,0.8869728838377681,1,2548,1,0
1,2,1,0,0,38.735239279055314,0.2755201118181818,6435,3.69,,,0.8869728838377681,1,1769,1,0
1,1,1,0,0,33.69565217391305,1.0,91,2.67,,,0.8869728838377681,1,71,1,0
1,1,1,0,0,31.18279569892473,1.0,92,2.66,,,0.8869728838377681,1,950,0,0
2,1,1,0,0,31.64556962025317,1.0,78,3.29,,,0.8869728838377681,1,2890,1,0
3,1,1,0,0,75.80645161290323,1.0,61,2.97,,,0.8869728838377681,1,3072,1,0
3,1,1,0,1,51.14942528735632,1.0,173,7.28,,0.27,0.8869728838377681,1,502,1,0
3,1,1,0,1,73.91304347826086,1.0,183,4.19,,0.107,0.8869728838377681,1,1641,1,0
7,1,1,0,1,45.96774193548387,1.0,247,2.55,,0.878,0.8869728838377681,1,3935,1,0
7,1,1,0,0,30.434782608695656,1.0,91,2.47,,,0.8869728838377681,1,149,0,0
7,1,1,0,0,75.53191489361703,1.0,187,2.66,,,0.8869728838377681,1,3755,1,0
8,1,1,0,1,63.2183908045977,1.0,86,2.62,,0.951,0.8869728838377681,1,3019,1,0
9,1,1,0,0,79.27927927927928,1.0,110,2.46,,,0.8869728838377681,1,1831,1,0
10,1,1,0,0,51.03092783505154,1.0,193,3.25,,,0.8869728838377681,1,2141,1,0
10,1,1,0,0,45.40540540540541,1.0,184,2.91,,,0.8869728838377681,1,1568,1,0
12,1,1,0,0,76.5625,1.0,63,2.92,,,0.8869728838377681,1,3847,1,0
14,2,1,0,1,54.93827160493827,1.0,2915,5.8,,0.812,0.8869728838377681,1,1124,1,0
15,1,1,0,0,74.02597402597402,1.0,76,2.54,,,0.8869728838377681,1,123,1,0
15,1,1,0,0,63.84615384615384,1.0,129,2.44,,,0.8869728838377681,1,2061,1,0
15,4,1,0,0,48.25479930191972,0.8,3437,9.39,,,0.8869728838377681,1,1007,1,0
18,1,1,0,1,47.410358565737056,1.0,250,2.96,,0.892,0.8869728838377681,1,1522,1,0
23,1,1,0,0,66.66666666666666,1.0,113,2.55,,,0.8869728838377681,0,27,1,0
23,3,1,0,1,65.35836177474403,1.0,585,4.82,,0.999,0.8869728838377681,0,246,1,0
1,2,0,0,1,53.57097950458947,0.5717261785714286,15905,,,0.973,0.8869728838377681,1,2138,1,0
2,2,0,0,1,39.31591276828311,0.1977060584743098,38362972,,,0.993,0.8869728838377681,1,2155,1,0
3,1,0,0,1,68.27586206896552,1.0,144,,,0.561,0.8869728838377681,1,430,1,0
6,1,0,0,1,33.33333333333333,1.0,89,,,0.335,0.8869728838377681,1,2456,1,0
7,3,0,0,1,45.39672871244559,0.2988805247826087,55818,,,0.946,0.8869728838377681,1,1764,1,0
10,1,0,0,1,69.86301369863014,1.0,218,,,0.63,0.8869728838377681,1,2774,1,0
14,1,0,0,1,68.84057971014492,1.0,137,,,0.707,0.8869728838377681,1,1708,1,0
15,1,0,0,1,69.93865030674846,1.0,162,,,0.863,0.8869728838377681,1,3561,1,0
15,1,0,0,1,65.36964980544747,1.0,256,,,0.688,0.8869728838377681,1,3672,1,0
15,1,0,0,1,71.12676056338029,1.0,425,,,0.495,0.8869728838377681,1,2826,1,0
19,1,0,0,1,75.98039215686273,1.0,203,,,0.326,0.8869728838377681,1,191,1,0
23,1,0,0,1,43.75,1.0,111,,,1.0,0.8869728838377681,0,510,1,0
23,1,0,0,1,57.14285714285714,1.0,244,,,0.776,0.8869728838377681,0,420,1,0
23,1,0,0,1,41.935483870967744,1.0,92,,,0.907,0.8869728838377681,0,2325,1,0
1,1,1,1,1,76.23853211009174,1.0,1089,18.1,54.21,0.743,0.9277822115041516,1,3523,1,1
10,5,1,1,1,42.360263607517695,0.2224411406060606,8193,86.2,378.17,1.0,0.9277822115041516,1,2305,1,1
12,1,1,1,1,37.02623906705539,1.0,342,17.8,204.15,0.56,0.9277822115041516,1,3400,0,1
16,1,0,1,1,59.3607305936073,1.0,218,,164.81,0.459,0.9277822115041516,1,1374,0,0
1,1,1,0,0,70.9090909090909,1.0,109,5.48,,,0.9277822115041516,1,2548,0,0
2,9,1,0,0,40.099557522123895,0.4027776666666667,1807,41.1,,,0.9277822115041516,1,3309,1,0
2,3,1,0,0,40.57142857142857,0.4166665,524,5.55,,,0.9277822115041516,1,3280,1,0
3,3,1,0,0,40.774193548387096,1.0,774,4.73,,,0.9277822115041516,1,3005,0,0
3,1,1,0,0,68.05555555555556,1.0,143,5.07,,,0.9277822115041516,1,430,0,0
3,2,1,0,0,33.05555555555556,1.0,359,3.49,,,0.9277822115041516,1,1528,0,0
7,2,1,0,0,33.085124386529024,1.0,5908,5.05,,,0.9277822115041516,1,3369,1,0
7,2,1,0,0,39.86095017381229,0.4050519095238095,2588,3.18,,,0.9277822115041516,1,683,0,0
10,1,1,0,0,39.24050632911392,1.0,157,4.45,,,0.9277822115041516,1,247,0,0
16,2,1,0,0,54.83464566929134,1.0,3174,25.6,,,0.9277822115041516,1,1374,0,1
12,3,1,1,1,35.36309194303256,0.5902776666666667,19870,68.6,1097.32,1.0,0.9197574584894128,1,2065,0,1
12,2,1,1,1,43.3709937744985,0.566666625,4336,66.9,111.98,0.931,0.9197574584894128,1,734,1,1
18,1,1,1,1,43.445692883895134,1.0,266,27.0,76.25,0.499,0.9197574584894128,1,833,1,1
19,2,1,1,1,48.85321100917432,1.0,435,34.8,401.67,1.0,0.9197574584894128,1,3600,0,1
2,2,1,0,0,42.19269102990033,0.361111,300,4.99,,,0.9197574584894128,1,2959,1,0
2,11,1,0,0,40.03508002631002,0.1098516679063829,4560,93.6,,,0.9197574584894128,1,2959,0,0
10,1,1,0,0,39.24050632911392,1.0,157,7.79,,,0.9197574584894128,1,247,0,0
16,1,1,0,0,42.30769230769231,1.0,77,3.09,,,0.9197574584894128,1,817,1,0
5,1,0,1,0,47.75086505190311,1.0,288,,11.93,,0.781010038217756,1,3095,1,0
5,7,1,1,1,38.97329744396704,0.1602110883413125,414978,46.2,88.52,0.994,0.781010038217756,1,3095,1,1
12,3,1,1,0,43.70599049568143,0.2243823041754385,28828,15.2,227.66,,0.781010038217756,1,400,0,1
14,1,1,1,1,30.21978021978022,1.0,181,7.85,84.8,0.864,0.781010038217756,1,370,0,0
1,2,1,0,0,41.41485958051902,0.8,2812,4.89,,,0.781010038217756,1,94,0,0
1,1,1,0,0,29.585798816568047,1.0,168,2.61,,,0.781010038217756,1,2160,0,0
2,2,1,0,0,26.737967914438503,1.0,186,11.2,,,0.781010038217756,1,3824,0,0
2,3,1,0,0,39.10149750415973,0.361111,600,17.7,,,0.781010038217756,1,2565,0,0
2,2,1,0,0,39.696969696969695,0.3888886666666666,329,4.51,,,0.781010038217756,1,1444,0,0
2,3,1,0,0,40.57142857142857,0.4166665,524,21.7,,,0.781010038217756,1,3280,0,0
2,1,1,0,0,43.28358208955223,0.333333,133,3.78,,,0.781010038217756,1,1050,0,0
2,1,1,0,0,30.612244897959183,1.0,97,2.93,,,0.781010038217756,1,3393,0,0
3,1,1,0,0,25.6,1.0,124,3.8,,,0.781010038217756,1,3539,0,0
3,1,1,0,0,27.06766917293233,1.0,132,2.66,,,0.781010038217756,1,1740,0,0
4,1,1,0,0,26.47058823529412,1.0,101,2.69,,,0.781010038217756,1,2695,0,0
5,1,1,0,1,31.654676258992804,1.0,138,6.51,,0.234,0.781010038217756,1,3431,1,0
5,1,1,0,0,32.87671232876712,1.0,145,4.34,,,0.781010038217756,1,2308,0,0
6,1,1,0,0,29.577464788732392,1.0,70,3.88,,,0.781010038217756,1,2925,0,0
6,1,1,0,0,29.069767441860467,1.0,85,2.82,,,0.781010038217756,1,1433,0,0
6,3,1,0,0,33.30442324371206,1.0,5764,7.17,,,0.781010038217756,1,619,0,0
7,1,1,0,0,26.60098522167488,1.0,202,4.04,,,0.781010038217756,1,3386,0,0
7,1,1,0,0,26.666666666666668,1.0,104,3.42,,,0.781010038217756,1,683,0,0
10,5,1,0,0,36.88970741571244,0.1655497976090143,426782,16.2,,,0.781010038217756,1,57,1,0
12,5,1,0,0,41.9394185810124,0.4317476534482759,9837,6.54,,,0.781010038217756,1,734,0,0
16,1,1,0,0,42.30769230769231,1.0,77,2.78,,,0.781010038217756,1,817,0,0
16,1,1,0,0,80.6640625,1.0,511,3.08,,,0.781010038217756,1,1119,1,0
18,1,1,0,0,76.36363636363637,1.0,109,2.41,,,0.781010038217756,1,2049,1,0
1,1,0,0,1,50.0,1.0,155,,,0.779,0.781010038217756,1,835,1,0
2,1,0,0,1,74.71264367816092,1.0,608,,,0.959,0.781010038217756,1,195,1,0
10,2,0,0,1,34.94505494505494,1.0,454,,,0.908,0.781010038217756,1,247,1,0
19,2,0,0,1,47.59797724399494,0.53019231,1581,,,0.98,0.781010038217756,1,3015,1,0
23,1,0,0,1,50.0,1.0,129,,,0.934,0.781010038217756,0,3713,1,0
2,3,0,1,0,39.0284757118928,0.2967691829268292,10745,,6.7,,0.8209182712355211,1,2053,1,0
4,4,1,1,1,34.91722979012478,0.6509259444444445,27968,27.7,153.2,0.976,0.8209182712355211,1,992,0,1
7,3,1,1,1,37.61986076448181,0.5441849357142857,7612,20.5,13.76,1.0,0.8209182712355211,1,1387,1,1
1,2,1,0,0,42.36660494866184,0.8333333333333334,23763,3.28,,,0.8209182712355211,1,1820,1,0
2,2,1,0,0,41.59021406727829,0.333333,326,7.33,,,0.8209182712355211,1,28,1,0
2,2,1,0,1,40.18691588785047,0.4166665,320,10.7,,0.997,0.8209182712355211,1,3309,1,0
2,2,1,0,0,44.82758620689656,0.333333,376,7.5,,,0.8209182712355211,1,2036,1,0
2,4,1,0,0,40.0,0.4166665,709,40.0,,,0.8209182712355211,1,2178,0,0
6,2,1,0,0,39.839572192513366,0.4490486722222222,2243,3.82,,,0.8209182712355211,1,1652,0,0
9,1,1,0,0,74.88372093023256,1.0,214,3.27,,,0.8209182712355211,1,2687,1,0
10,2,1,0,0,35.95600676818951,1.0,1181,5.91,,,0.8209182712355211,1,1109,0,0
12,1,1,0,0,59.73154362416108,1.0,148,3.67,,,0.8209182712355211,1,1988,0,0
15,1,1,0,0,74.02597402597402,1.0,76,2.62,,,0.8209182712355211,1,123,1,0
18,2,1,0,0,42.26165027789654,0.70833325,4677,7.77,,,0.8209182712355211,1,1720,1,0
18,2,1,0,0,32.382892057026474,1.0,490,9.69,,,0.8209182712355211,1,3418,0,0
23,1,1,0,1,40.80459770114943,1.0,173,5.26,,0.993,0.8209182712355211,0,3285,0,0
18,1,0,0,1,57.943925233644855,1.0,106,,,0.839,0.8209182712355211,1,1837,1,0
3,1,1,1,1,72.16494845360825,1.0,193,23.5,129.86,0.344,0.9298059751685313,1,430,1,0
7,1,1,1,1,32.77777777777778,1.0,179,12.8,193.69,0.79,0.9298059751685313,1,2761,0,0
7,3,1,1,1,32.87521284359037,0.2471161097142857,8221,68.8,1681.59,1.0,0.9298059751685313,1,3369,0,1
19,1,1,1,1,52.51798561151079,1.0,138,15.9,34.6,0.989,0.9298059751685313,1,1516,1,0
2,1,1,0,0,44.02985074626866,0.333333,133,4.38,,,0.9298059751685313,1,2959,1,0
2,4,1,0,0,40.36061026352289,0.3888886666666666,720,24.9,,,0.9298059751685313,1,2679,1,0
2,7,1,0,0,39.95084653194975,0.1097038498166666,3661,37.0,,,0.9298059751685313,1,317,1,0
2,1,1,0,0,43.28358208955223,0.333333,133,5.6,,,0.9298059751685313,1,1050,1,0
2,2,1,0,0,28.68131868131868,1.0,909,4.48,,,0.9298059751685313,1,922,1,0
3,4,1,0,0,44.80474994290934,0.2164691396428571,8757,8.02,,,0.9298059751685313,1,2130,0,0
6,1,1,0,0,41.17647058823529,1.0,322,2.64,,,0.9298059751685313,1,366,0,0
7,1,1,0,0,34.21052631578947,1.0,113,3.54,,,0.9298059751685313,1,2601,1,0
12,2,1,0,0,43.72590345962063,0.5825142277777778,19452,4.24,,,0.9298059751685313,1,400,0,0
14,1,1,0,0,32.91925465838509,1.0,160,2.84,,,0.9298059751685313,1,3225,1,0
16,1,1,0,0,80.6640625,1.0,511,2.8,,,0.9298059751685313,1,1119,1,0
17,2,1,0,0,50.03203074951954,1.0,1560,2.94,,,0.9298059751685313,1,679,1,0
7,3,0,1,0,34.98467000161368,0.5939814444444446,6196,,22.91,,0.8418811103572752,1,1576,1,1
18,7,1,1,1,40.21670285921101,0.6833333333333332,44207,136.0,455.48,0.995,0.8418811103572752,1,2320,0,1
4,1,1,0,0,36.2962962962963,1.0,134,2.93,,,0.8418811103572752,1,1195,0,0
5,1,1,0,0,51.13636363636363,1.0,175,8.13,,,0.8418811103572752,1,2383,0,0
7,4,1,0,1,35.44334888943472,0.1537996912018349,28498,76.5,,1.0,0.8418811103572752,1,1242,1,1
7,1,1,0,1,40.07782101167315,1.0,256,26.3,,0.478,0.8418811103572752,1,1879,1,1
10,1,1,0,0,36.98630136986301,1.0,145,3.39,,,0.8418811103572752,1,88,1,0
10,1,1,0,0,39.24050632911392,1.0,157,8.55,,,0.8418811103572752,1,247,0,0
16,1,1,0,0,65.51724137931035,0.5833335,202,7.49,,,0.8418811103572752,1,3075,1,0
16,1,1,0,0,64.43298969072166,0.277778,193,3.34,,,0.8418811103572752,1,940,1,0
17,4,1,0,0,45.6424388563555,0.5800243420833333,8708,10.3,,,0.8418811103572752,1,865,0,0
20,1,1,0,0,66.3716814159292,1.0,225,10.3,,,0.8418811103572752,1,3020,0,1
4,3,1,1,1,33.85451075387213,1.0,13622,50.7,859.93,1.0,0.9062142810665356,1,2685,0,1
7,1,1,1,1,40.845070422535215,1.0,283,17.3,207.3,0.552,0.9062142810665356,1,3251,0,1
11,3,1,1,1,55.01272264631043,1.0,1964,72.7,213.94,1.0,0.9062142810665356,1,1256,1,1
2,4,1,0,0,40.02603319232021,0.1048996058787878,3072,17.6,,,0.9062142810665356,1,2959,1,0
2,1,1,0,0,44.776119402985074,0.375,133,4.93,,,0.9062142810665356,1,3298,0,0
2,3,1,0,0,40.57142857142857,0.4166665,524,10.9,,,0.9062142810665356,1,3280,1,0
3,1,1,0,0,32.098765432098766,1.0,80,3.02,,,0.9062142810665356,1,1111,1,0
7,2,1,0,0,26.055045871559635,1.0,544,4.46,,,0.9062142810665356,1,2347,1,0
7,5,1,1,1,35.98023604346197,0.6773013450310558,42703,38.6,28.01,0.999,0.85413769035665,1,3248,1,1
14,3,1,1,1,44.43012526418888,0.087153532440367,19398,21.8,270.15,0.996,0.85413769035665,1,3133,0,1
1,1,1,0,0,34.54545454545455,1.0,109,3.2,,,0.85413769035665,1,2037,0,0
2,2,1,0,0,41.59021406727829,0.333333,326,3.05,,,0.85413769035665,1,28,0,0
2,1,1,0,0,44.776119402985074,0.375,133,5.29,,,0.85413769035665,1,2166,0,0
2,3,1,0,0,40.95238095238095,0.4166665,524,9.48,,,0.85413769035665,1,2679,1,0
2,2,1,0,0,42.19269102990033,0.361111,300,5.83,,,0.85413769035665,1,317,1,0
2,4,1,0,0,40.0455432661028,0.1080708115313806,3073,5.74,,,0.85413769035665,1,317,0,0
6,1,1,0,0,27.27272727272727,1.0,76,2.66,,,0.85413769035665,1,1115,0,0
10,1,1,0,1,33.9622641509434,1.0,211,6.73,,0.578,0.85413769035665,1,937,1,1
10,1,1,0,0,67.36401673640168,1.0,238,3.45,,,0.85413769035665,1,1099,0,0
14,1,1,0,0,30.51948051948052,1.0,153,2.56,,,0.85413769035665,1,3384,0,0
15,1,1,0,0,71.29411764705881,1.0,424,2.55,,,0.85413769035665,1,2826,0,0
19,1,1,0,0,72.97297297297297,1.0,73,3.35,,,0.85413769035665,1,1456,0,0
23,3,1,0,0,38.94466024315189,0.4562519285714285,19822,4.76,,,0.85413769035665,0,1157,1,0
23,10,1,0,0,35.816814764183185,0.2034002719512195,17555,12.4,,,0.85413769035665,0,2325,1,0
23,4,1,0,0,35.88198367859385,0.6055555555555555,7964,7.46,,,0.85413769035665,0,1778,1,0
23,13,1,0,0,35.43271635817909,0.1786122122244894,59969,14.3,,,0.85413769035665,0,3329,1,0
23,1,1,0,0,69.10229645093946,1.0,478,2.4,,,0.85413769035665,0,393,1,0
23,2,1,0,0,62.89752650176679,1.0,282,5.36,,,0.85413769035665,0,724,1,0
4,4,1,1,1,43.30350133458942,0.3626724288620689,6368,71.0,631.86,1.0,0.9227914477792766,1,3289,1,1
18,1,1,1,1,50.526315789473685,1.0,284,14.4,85.35,0.59,0.9227914477792766,1,3688,1,1
18,7,1,1,1,36.17375140634936,0.5473931166666667,20442,106.0,2363.51,1.0,0.9227914477792766,1,570,0,1
1,2,1,0,0,39.79099678456592,1.0,1243,4.23,,,0.9227914477792766,1,2637,0,0
2,7,1,0,0,41.05419450631032,0.4166665,1346,24.0,,,0.9227914477792766,1,3309,1,0
6,5,1,0,0,37.5645562983353,0.2244259371314741,38144,21.5,,,0.9227914477792766,1,3441,1,0
6,1,1,0,0,27.500000000000004,1.0,79,4.06,,,0.9227914477792766,1,2304,0,0
7,3,1,0,0,37.59222823413674,0.0995774137538461,8131,17.4,,,0.9227914477792766,1,969,0,0
10,3,1,0,0,35.001431161148744,0.1564854337999998,20961,8.54,,,0.9227914477792766,1,2852,1,0
10,5,1,0,0,35.2686896084082,0.0702998039727626,11797,7.93,,,0.9227914477792766,1,3605,1,0
10,1,1,0,0,45.40540540540541,1.0,184,3.81,,,0.9227914477792766,1,1568,0,0
12,1,1,0,0,44.82758620689656,1.0,144,3.79,,,0.9227914477792766,1,2331,1,0
16,1,1,0,0,65.4471544715447,0.2166668,245,14.6,,,0.9227914477792766,1,830,0,0
16,2,1,0,0,64.9402390438247,0.3870371666666667,752,3.94,,,0.9227914477792766,1,3075,0,0
16,1,1,0,0,64.43298969072166,0.277778,193,7.72,,,0.9227914477792766,1,940,0,0
16,1,1,0,0,66.84782608695652,0.3466668,183,3.13,,,0.9227914477792766,1,1591,0,0
1,1,1,1,1,33.75,1.0,159,15.4,27.25,0.847,0.9011893846533082,1,2037,1,0
2,5,0,1,0,37.627811860940696,0.8,8312,,570.57,,0.9011893846533082,1,1885,0,0
5,1,1,1,1,69.3304535637149,1.0,462,17.0,303.13,0.305,0.9011893846533082,1,872,0,1
15,7,1,1,1,56.34460848439544,0.8333333333333334,21403,154.0,558.23,1.0,0.9011893846533082,1,1958,1,1
2,6,1,0,1,37.65222975493269,0.1410125494931193,260050,79.2,,1.0,0.9011893846533082,1,1885,0,1
2,2,1,0,0,38.47926267281106,0.333333,433,5.0,,,0.9011893846533082,1,2565,0,0
2,8,1,0,0,40.036563071297984,0.4166665,1640,18.1,,,0.9011893846533082,1,3309,1,0
2,4,1,0,0,39.360222531293466,0.4166665,718,57.9,,,0.9011893846533082,1,194,0,0
2,1,1,0,0,43.28358208955223,0.333333,133,9.17,,,0.9011893846533082,1,1050,0,0
2,2,1,1,1,34.79710035594022,0.2191881929275195,145810,70.9,199.59,1.0,0.9250259539939416,1,1379,1,1
16,1,1,1,1,50.51020408163265,1.0,195,26.4,35.82,0.811,0.9250259539939416,1,2255,1,1
2,2,1,0,0,40.625,0.6666665,319,12.1,,,0.9250259539939416,1,842,0,0
2,1,1,0,0,42.74809160305343,0.333333,130,5.45,,,0.9250259539939416,1,2430,1,0
2,2,1,0,1,44.70899470899471,0.333333,377,26.5,,0.994,0.9250259539939416,1,116,0,0
2,7,1,0,0,39.918699186991866,0.1066026248189654,3689,56.7,,,0.9250259539939416,1,2166,0,0
2,2,1,0,0,40.625,0.4166665,319,21.4,,,0.9250259539939416,1,2178,1,0
2,2,1,0,1,45.23809523809524,0.333333,377,24.0,,0.869,0.9250259539939416,1,2015,1,0
3,2,1,0,0,35.43285238623751,0.1779531852604166,25227,9.68,,,0.9250259539939416,1,573,1,0
5,1,1,0,0,37.28813559322034,1.0,117,2.64,,,0.9250259539939416,1,2236,1,0
6,1,1,0,0,32.83582089552239,1.0,133,5.32,,,0.9250259539939416,1,1587,0,0
14,1,1,0,0,32.91925465838509,1.0,160,3.5,,,0.9250259539939416,1,3225,1,0
15,1,1,0,0,36.36363636363637,1.0,175,4.42,,,0.9250259539939416,1,2028,0,0
23,5,1,0,1,33.4695941674744,1.0,23728,68.4,,0.999,0.9250259539939416,0,1954,0,1
