,start,end,chr,type,algorithm,qual,sample,numb_exons,gene,algorithms_detected,algorithms_overlap
0,30684202,30717811,chr3,DEL,in_silico,,RB38126,4,TGFBR2,set(),"{'cnvkit': 0, 'grapes2': 0, 'decon': 0, 'gatk': 0}"
1,18427581,18658093,chr10,DEL,in_silico,,RB38168,6,CACNB2,set(),"{'cnvkit': 0, 'grapes2': 0, 'decon': 4.463108211286181, 'gatk': 4.484799056014437}"
2,137580721,137595253,chr9,DEL,in_silico,,RB38171,3,COL5A1,set(),"{'cnvkit': 0, 'grapes2': 0, 'decon': 0, 'gatk': 0}"
3,177032271,177038774,chr5,DEL,in_silico,,RB38497,4,B4GALT7,set(),"{'cnvkit': 0, 'grapes2': 0, 'decon': 0, 'gatk': 0}"
4,20210119,20214749,chr3,DEL,in_silico,,RB38616,2,SGOL1,set(),"{'cnvkit': 0, 'grapes2': 12.505399568034555, 'decon': 12.483801295896328, 'gatk': 13.563714902807774}"
5,40402811,40407711,chr2,DUP,in_silico,,RB37875,2,SLC8A1,set(),"{'cnvkit': 0, 'grapes2': 3.2040816326530615, 'decon': 3.183673469387755, 'gatk': 4.204081632653061}"
6,30908650,30915893,chr16,DUP,in_silico,,RB38126,2,CTF1,set(),"{'cnvkit': 0, 'grapes2': 0, 'decon': 0, 'gatk': 0}"
7,30646302,30666847,chr3,DUP,in_silico,,RB38152,2,TGFBR2,set(),"{'cnvkit': 0, 'grapes2': 0.7009004623996106, 'decon': 0.6960330980773911, 'gatk': 0.9394013141883669}"
8,155769472,156188434,chr5,DUP,in_silico,,RB38171,7,SGCD,set(),"{'cnvkit': 0, 'grapes2': 0, 'decon': 0, 'gatk': 0}"
9,121429739,121438828,chr10,DUP,in_silico,,RB38497,2,BAG3,set(),"{'cnvkit': 0, 'grapes2': 0, 'decon': 0, 'gatk': 0}"
10,35527947,35532679,chr19,DUP,in_silico,,RB38620,2,SCN1B,set(),"{'cnvkit': 0, 'grapes2': 13.41927303465765, 'decon': 13.398140321217245, 'gatk': 14.454775993237531}"
11,137653189,137654405,chr9,DEL,in_silico,,RB38126,1,COL5A1,set(),"{'cnvkit': 0, 'grapes2': 0, 'decon': 0, 'gatk': 0}"
12,133803591,133804831,chr6,DEL,in_silico,,RB38137,1,EYA4,set(),"{'cnvkit': 0, 'grapes2': 10.806451612903226, 'decon': 10.725806451612902, 'gatk': 14.758064516129032}"
13,137676256,137677520,chr9,DEL,in_silico,,RB38140,1,COL5A1,set(),"{'cnvkit': 0, 'grapes2': 12.5, 'decon': 12.420886075949367, 'gatk': 0}"
14,52439068,52440308,chr15,DEL,in_silico,,RB38141,1,GNB5,set(),"{'cnvkit': 0, 'grapes2': 10.241935483870968, 'decon': 10.161290322580644, 'gatk': 0}"
15,50624703,50625943,chr14,DEL,in_silico,,RB38143,1,SOS2,set(),"{'cnvkit': 0, 'grapes2': 10.64516129032258, 'decon': 10.564516129032258, 'gatk': 14.596774193548386}"
16,107908156,107909396,chrX,DEL,in_silico,,RB38149,1,COL4A5,set(),"{'cnvkit': 0, 'grapes2': 10.564516129032258, 'decon': 10.483870967741936, 'gatk': 14.516129032258066}"
17,91642982,91644222,chr7,DEL,in_silico,,RB38152,1,AKAP9,set(),"{'cnvkit': 0, 'grapes2': 10.483870967741936, 'decon': 10.403225806451614, 'gatk': 14.435483870967742}"
18,21339549,21340765,chr22,DEL,in_silico,,RB38153,1,LZTR1,set(),"{'cnvkit': 0, 'grapes2': 8.799342105263158, 'decon': 8.717105263157894, 'gatk': 12.828947368421053}"
19,48904627,48905867,chr15,DEL,in_silico,,RB38155,1,FBN1,set(),"{'cnvkit': 0, 'grapes2': 10.725806451612902, 'decon': 10.64516129032258, 'gatk': 14.677419354838708}"
20,38649065,38650281,chr3,DEL,in_silico,,RB38158,1,SCN5A,set(),"{'cnvkit': 0, 'grapes2': 9.375, 'decon': 9.292763157894738, 'gatk': 13.404605263157896}"
21,14174653,14175893,chr3,DEL,in_silico,,RB38162,1,TMEM43,set(),"{'cnvkit': 0, 'grapes2': 9.758064516129032, 'decon': 9.67741935483871, 'gatk': 13.709677419354838}"
22,114238281,114239545,chr4,DEL,in_silico,,RB38171,1,ANK2,set(),"{'cnvkit': 0, 'grapes2': 0, 'decon': 0, 'gatk': 0}"
23,141277145,141278385,chr3,DEL,in_silico,,RB38497,1,RASA2,set(),"{'cnvkit': 0, 'grapes2': 0, 'decon': 0, 'gatk': 0}"
24,131713271,131714753,chr5,DEL,in_silico,,RB38558,1,SLC22A5,set(),"{'cnvkit': 0, 'grapes2': 10.39136302294197, 'decon': 10.323886639676113, 'gatk': 0}"
25,119579576,119580864,chrX,DEL,in_silico,,RB38570,1,LAMP2,set(),"{'cnvkit': 0, 'grapes2': 13.43167701863354, 'decon': 13.354037267080745, 'gatk': 0}"
26,81603187,81604451,chr7,DEL,in_silico,,RB38571,1,CACNA2D1,set(),"{'cnvkit': 0, 'grapes2': 11.708860759493671, 'decon': 11.629746835443038, 'gatk': 0}"
27,237764747,237765987,chr1,DEL,in_silico,,RB38575,1,RYR2,set(),"{'cnvkit': 0, 'grapes2': 0, 'decon': 10.967741935483872, 'gatk': 15.0}"
28,65240307,65241523,chr4,DEL,in_silico,,RB38576,1,TECRL,set(),"{'cnvkit': 0, 'grapes2': 0, 'decon': 0, 'gatk': 0}"
29,76579786,76580978,chr6,DEL,in_silico,,RB38578,1,MYO6,set(),"{'cnvkit': 0, 'grapes2': 0, 'decon': 7.38255033557047, 'gatk': 11.577181208053691}"
30,123709085,123710277,chr6,DEL,in_silico,,RB38579,1,TRDN,set(),"{'cnvkit': 0, 'grapes2': 53.355704697986575, 'decon': 100.0, 'gatk': 10.822147651006711}"
31,237861686,237862902,chr1,DEL,in_silico,,RB38592,1,RYR2,set(),"{'cnvkit': 0, 'grapes2': 0, 'decon': 9.046052631578947, 'gatk': 13.157894736842104}"
32,30247856,30249144,chr15,DEL,in_silico,,RB38620,1,TJP1,set(),"{'cnvkit': 0, 'grapes2': 0, 'decon': 0, 'gatk': 0}"
33,237654520,237655808,chr1,DEL,in_silico,,RB38621,1,RYR2,set(),"{'cnvkit': 0, 'grapes2': 13.121118012422361, 'decon': 13.043478260869565, 'gatk': 0}"
34,123702681,123703873,chr6,DEL,in_silico,,RB38630,1,TRDN,set(),"{'cnvkit': 0, 'grapes2': 0, 'decon': 6.62751677852349, 'gatk': 0}"
35,156073889,156075129,chr5,DEL,in_silico,,RB38635,1,SGCD,set(),"{'cnvkit': 0, 'grapes2': 9.919354838709678, 'decon': 9.838709677419356, 'gatk': 13.870967741935484}"
36,11315813,11316993,chrX,DEL,in_silico,,RB38636,1,AMELX-E05,set(),"{'cnvkit': 0, 'grapes2': 0, 'decon': 0, 'gatk': 0}"
37,69907534,69908798,chr10,DEL,in_silico,,RB38637,1,MYPN,set(),"{'cnvkit': 0, 'grapes2': 13.05379746835443, 'decon': 12.974683544303797, 'gatk': 0}"
38,94047229,94048445,chr7,DEL,in_silico,,RB38639,1,COL1A2,set(),"{'cnvkit': 0, 'grapes2': 0, 'decon': 8.470394736842106, 'gatk': 0}"
39,94043963,94045155,chr7,DUP,in_silico,,RB37875,1,COL1A2,set(),"{'cnvkit': 0, 'grapes2': 7.969798657718121, 'decon': 7.885906040268456, 'gatk': 12.080536912751679}"
40,66778989,66780205,chr15,DUP,in_silico,,RB38126,1,MAP2K1,set(),"{'cnvkit': 0, 'grapes2': 0, 'decon': 0, 'gatk': 0}"
41,75804239,75805479,chr6,DUP,in_silico,,RB38141,1,COL12A1,set(),"{'cnvkit': 0, 'grapes2': 9.838709677419356, 'decon': 9.758064516129032, 'gatk': 0}"
42,86665053,86666293,chr5,DUP,in_silico,,RB38143,1,RASA1,set(),"{'cnvkit': 0, 'grapes2': 11.129032258064516, 'decon': 11.048387096774194, 'gatk': 0}"
43,114208177,114209441,chr4,DUP,in_silico,,RB38146,1,ANK2,set(),"{'cnvkit': 0, 'grapes2': 11.787974683544304, 'decon': 11.708860759493671, 'gatk': 0}"
44,23889591,23890831,chr14,DUP,in_silico,,RB38147,1,MYH7,set(),"{'cnvkit': 0, 'grapes2': 11.370967741935484, 'decon': 11.29032258064516, 'gatk': 0}"
45,107838164,107839404,chrX,DUP,in_silico,,RB38148,1,COL4A5,set(),"{'cnvkit': 0, 'grapes2': 11.53225806451613, 'decon': 11.451612903225806, 'gatk': 0}"
46,137653189,137654405,chr9,DUP,in_silico,,RB38150,1,COL5A1,set(),"{'cnvkit': 0, 'grapes2': 8.552631578947368, 'decon': 8.470394736842106, 'gatk': 0}"
47,45882870,45884062,chr19,DUP,in_silico,,RB38152,1,PPP1R13L,set(),"{'cnvkit': 0, 'grapes2': 7.466442953020135, 'decon': 7.38255033557047, 'gatk': 11.577181208053691}"
48,127673107,127674395,chr5,DUP,in_silico,,RB38153,1,FBN2,set(),"{'cnvkit': 0, 'grapes2': 13.664596273291925, 'decon': 13.586956521739129, 'gatk': 0}"
49,11315813,11316993,chrX,DUP,in_silico,,RB38163,1,AMELX-E05,set(),"{'cnvkit': 0, 'grapes2': 0, 'decon': 0, 'gatk': 0}"
50,114244336,114245528,chr4,DUP,in_silico,,RB38168,1,ANK2,set(),"{'cnvkit': 0, 'grapes2': 0, 'decon': 0, 'gatk': 0}"
51,35522894,35524134,chr19,DUP,in_silico,,RB38171,1,SCN1B,set(),"{'cnvkit': 0, 'grapes2': 0, 'decon': 0, 'gatk': 0}"
52,156099061,156100277,chr1,DUP,in_silico,,RB38497,1,LMNA,set(),"{'cnvkit': 0, 'grapes2': 0, 'decon': 0, 'gatk': 0}"
53,53667806,53669181,chr10,DUP,in_silico,,RB38563,1,"chr10:53668523-53668641,PRKG1",set(),"{'cnvkit': 0, 'grapes2': 0, 'decon': 0, 'gatk': 0}"
54,192444391,192445559,chr3,DUP,in_silico,,RB38566,1,FGF12,set(),"{'cnvkit': 0, 'grapes2': 5.3938356164383565, 'decon': 5.308219178082192, 'gatk': 0}"
55,141278154,141279418,chr3,DUP,in_silico,,RB38567,1,RASA2,set(),"{'cnvkit': 0, 'grapes2': 12.025316455696203, 'decon': 11.94620253164557, 'gatk': 0}"
56,3071251,3072467,chr18,DUP,in_silico,,RB38570,1,MYOM1,set(),"{'cnvkit': 0, 'grapes2': 8.717105263157894, 'decon': 54.35855263157895, 'gatk': 0}"
57,133851771,133852939,chr6,DUP,in_silico,,RB38577,1,EYA4,set(),"{'cnvkit': 0, 'grapes2': 0, 'decon': 0, 'gatk': 0}"
58,140453401,140454617,chr7,DUP,in_silico,,RB38578,1,BRAF,set(),"{'cnvkit': 0, 'grapes2': 7.9769736842105265, 'decon': 7.894736842105263, 'gatk': 12.006578947368421}"
59,16047245,16048461,chr1,DUP,in_silico,,RB38579,1,PLEKHM2,set(),"{'cnvkit': 0, 'grapes2': 9.046052631578947, 'decon': 8.963815789473683, 'gatk': 13.075657894736842}"
60,38754865,38756153,chr3,DUP,in_silico,,RB38592,1,SCN10A,set(),"{'cnvkit': 0, 'grapes2': 13.43167701863354, 'decon': 13.354037267080745, 'gatk': 0}"
61,4096700,4097916,chr19,DUP,in_silico,,RB38595,1,MAP2K2,set(),"{'cnvkit': 0, 'grapes2': 0, 'decon': 9.375, 'gatk': 0}"
62,3071251,3072467,chr18,DUP,in_silico,,RB38621,1,MYOM1,set(),"{'cnvkit': 0, 'grapes2': 8.717105263157894, 'decon': 8.634868421052632, 'gatk': 12.746710526315788}"
63,237881183,237882399,chr1,DUP,in_silico,,RB38623,1,RYR2,set(),"{'cnvkit': 0, 'grapes2': 9.046052631578947, 'decon': 8.963815789473683, 'gatk': 13.075657894736842}"
64,45377063,45378279,chr18,DUP,in_silico,,RB38633,1,SMAD2,set(),"{'cnvkit': 0, 'grapes2': 8.552631578947368, 'decon': 8.470394736842106, 'gatk': 0}"
65,30410700,30411964,chr20,DUP,in_silico,,RB38634,1,MYLK2,set(),"{'cnvkit': 0, 'grapes2': 12.341772151898734, 'decon': 12.262658227848101, 'gatk': 0}"
66,150674343,150675583,chr7,DUP,in_silico,,RB38637,1,KCNH2,set(),"{'cnvkit': 0, 'grapes2': 0, 'decon': 10.080645161290322, 'gatk': 0}"
67,47398979,47400171,chr2,DUP,in_silico,,RB38638,1,CALM2,set(),"{'cnvkit': 0, 'grapes2': 0, 'decon': 0, 'gatk': 0}"
